lookback_bars,min_close_ratio,left_bars,right_bars,score,total_return,total_trades,win_rate,profit_factor,max_drawdown,avg_trade,expectancy,long_trades,short_trades,target_exits,stop_exits,end_of_data_exits,avg_bars_held,median_bars_held,raw_bullish_divergence_candidates,raw_bearish_divergence_candidates,bullish_prior_trend_pass,bearish_prior_trend_pass,bullish_pivot1_channel_pass,bullish_pivot2_channel_pass,bearish_pivot1_channel_pass,bearish_pivot2_channel_pass,final_bullish_divergences,final_bearish_divergences
24,0.8,2,4,0.5815442614717296,10.343089999999933,108.0,0.6111111111111112,2.487737028262868,-1.1611105808753484,95.76935185185141,95.76935185185144,64,44,66,42,0,10.712962962962964,4.0,680,740,130,113,644,620,700,655,74,55
24,0.8,4,4,0.5802531309157973,11.122889999999952,118.0,0.6016949152542372,2.448159089459169,-0.9733375927881418,94.26177966101645,94.26177966101642,68,50,71,47,0,11.05084745762712,4.5,748,787,147,123,703,679,742,701,79,60
24,0.8,3,4,0.5727711591632564,10.368819999999923,113.0,0.5929203539823009,2.369696281188235,-1.1781292093195763,91.75946902654809,91.75946902654809,66,47,67,46,0,11.221238938053098,4.0,720,766,138,116,681,656,725,683,77,57
12,0.7,4,4,0.5593890039587651,10.694699999999946,125.0,0.576,2.2309142513828677,-1.2146750554089916,85.55759999999968,85.55759999999968,74,51,72,53,0,11.424,5.0,748,787,157,129,703,679,742,701,88,63
24,0.8,2,3,0.5584742728071113,11.831449999999943,133.0,0.556390977443609,2.1830255144230426,-1.232518377294408,88.95827067669148,88.9582706766915,67,66,74,59,0,9.81203007518797,4.0,862,926,155,147,817,781,882,825,81,79
8,0.6,4,4,0.5584064367152578,13.440639999999938,139.0,0.5827338129496403,2.3309514661554265,-1.6995702441621883,96.69525179856073,96.69525179856076,81,58,81,58,0,14.215827338129497,5.0,748,787,166,139,703,679,742,701,96,70
8,0.6,2,4,0.5579997867412291,11.97089999999994,126.0,0.5873015873015873,2.284279752389733,-1.8539512867626395,95.00714285714253,95.00714285714253,78,48,74,52,0,14.841269841269842,4.5,680,740,147,126,644,620,700,655,90,62
8,0.6,3,4,0.5539625589503104,12.617379999999923,132.0,0.5757575757575758,2.277585166404065,-2.043945934584615,95.58621212121155,95.58621212121159,79,53,76,56,0,14.522727272727273,5.0,720,766,155,130,681,656,725,683,93,65
24,0.8,4,3,0.5523813501464738,12.750609999999952,144.0,0.5486111111111112,2.1806021986853747,-1.1353075131145436,88.54590277777733,88.54590277777734,73,71,79,65,0,10.090277777777779,4.5,936,1004,172,161,883,848,954,901,87,87
16,0.8,2,3,0.5513756753719047,11.176049999999972,130.0,0.5461538461538461,2.080399289661912,-1.3878321812125527,85.96961538461524,85.96961538461521,66,64,71,59,0,10.361538461538462,4.0,862,926,157,149,817,781,882,825,81,79
16,0.8,4,4,0.5504341643807601,9.421789999999941,114.0,0.5701754385964912,2.2001775721530086,-1.2329444243252465,82.64728070175401,82.64728070175401,67,47,65,49,0,10.728070175438596,4.0,748,787,146,124,703,679,742,701,77,58
12,0.7,3,4,0.5503950483250087,9.871439999999932,118.0,0.5677966101694916,2.166029204357257,-1.7040769548417933,83.65627118644021,83.65627118644025,72,46,67,51,0,11.601694915254237,5.0,720,766,147,120,681,656,725,683,85,58
16,0.8,4,3,0.5496830041384256,12.714629999999971,144.0,0.5416666666666666,2.1478581868639277,-1.2086477076208069,88.29604166666644,88.29604166666644,72,72,78,66,0,10.131944444444445,5.0,936,1004,176,164,883,848,954,901,88,88
24,0.8,3,3,0.5490921240177138,11.786579999999924,139.0,0.539568345323741,2.102627428308415,-1.1353075131145436,84.79553956834486,84.79553956834485,70,69,75,64,0,10.244604316546763,4.0,902,964,163,151,855,818,919,865,84,82
12,0.7,2,4,0.5483351448072344,9.598799999999951,114.0,0.5789473684210527,2.185792430733646,-1.6890497318543287,84.19999999999965,84.19999999999963,71,43,66,48,0,11.666666666666666,4.5,680,740,139,117,644,620,700,655,82,56
16,0.7,2,4,0.5471138100564352,11.076369999999924,132.0,0.5833333333333334,2.0682248443670694,-1.320092492989721,83.91189393939335,83.91189393939338,81,51,77,54,1,13.446969696969697,5.0,680,740,154,133,644,620,700,655,96,66
12,0.7,2,3,0.5466096135240682,12.32306999999999,139.0,0.5467625899280576,2.1029063112231263,-1.4907135489044223,88.65517985611511,88.65517985611513,73,66,76,63,0,10.640287769784173,4.0,862,926,166,154,817,781,882,825,90,84
8,0.6,4,3,0.5456964250697395,17.732869999999945,173.0,0.5606936416184971,2.328210352072316,-1.7492732273918423,102.50213872832325,102.50213872832323,90,83,97,76,0,12.352601156069364,4.0,936,1004,200,184,883,848,954,901,111,104
8,0.6,2,3,0.5456931038130688,15.451629999999938,157.0,0.5605095541401274,2.222943159324371,-1.8546112552584075,98.41802547770676,98.41802547770678,83,74,88,69,0,12.789808917197453,4.0,862,926,178,167,817,781,882,825,102,93
16,0.7,4,4,0.5455556460048756,12.296959999999935,145.0,0.5793103448275863,2.0970182274939617,-1.2239956027001393,84.80662068965466,84.8066206896547,85,60,84,60,1,13.482758620689655,5.0,748,787,172,146,703,679,742,701,102,74
12,0.7,4,3,0.5449756051573081,14.03032999999998,154.0,0.5454545454545454,2.178451888292442,-1.3846359467009053,91.10603896103883,91.1060389610388,80,74,84,70,0,10.376623376623376,5.0,936,1004,187,170,883,848,954,901,99,94
6,0.6,2,2,0.5445499133764625,9.541369999999905,107.0,0.5327102803738317,2.0801163731866104,-1.1694966640499491,89.17168224298959,89.17168224298958,57,50,57,50,0,11.411214953271028,4.0,1060,1215,174,167,1003,935,1151,1059,76,69
6,0.6,4,3,0.5444144536759269,9.631339999999987,110.0,0.5363636363636364,2.04894618990363,-1.2278638911236246,87.55763636363594,87.55763636363595,59,51,59,51,0,10.681818181818182,4.0,936,1004,156,137,883,848,954,901,73,62
16,0.8,3,3,0.5439040923992273,11.309809999999953,136.0,0.5294117647058824,2.041968736727569,-1.3349473188027596,83.16036764705848,83.16036764705851,69,67,72,64,0,10.257352941176471,4.5,902,964,167,153,855,818,919,865,85,82
8,0.7,4,2,0.5428765792434231,9.781019999999941,114.0,0.5263157894736842,2.0404432804797814,-1.3476155526042366,85.79842105263091,85.7984210526309,62,52,60,54,0,11.157894736842104,4.0,1173,1308,190,173,1109,1040,1238,1151,82,69
8,0.6,3,3,0.541776364820724,16.15936999999994,164.0,0.5487804878048781,2.2308721785382586,-1.7501967887174512,98.53274390243851,98.53274390243851,86,78,90,74,0,12.597560975609756,4.0,902,964,188,172,855,818,919,865,106,97
6,0.6,3,2,0.5408228336200952,9.844019999999865,115.0,0.5130434782608696,2.006404004342932,-1.1706637541925116,85.60017391304225,85.60017391304228,62,53,59,56,0,11.147826086956522,4.0,1127,1261,189,175,1069,998,1196,1109,85,73
6,0.6,4,2,0.5401095054801379,10.29177999999986,124.0,0.5161290322580645,2.00255417142366,-1.3477266397143817,82.9982258064506,82.99822580645059,68,56,64,60,0,10.766129032258064,4.0,1173,1308,200,184,1109,1040,1238,1151,90,76
16,0.7,3,4,0.5400967026261619,11.102099999999915,137.0,0.5693430656934306,2.0104870536494346,-1.3257976511646221,81.03722627737156,81.03722627737153,83,54,78,58,1,13.766423357664234,5.0,720,766,163,136,681,656,725,683,100,68
12,0.7,3,3,0.5397606055721363,12.456829999999975,145.0,0.5310344827586206,2.06622004130728,-1.3853666549673682,85.90917241379292,85.9091724137929,76,69,77,68,0,10.53103448275862,5.0,902,964,176,158,855,818,919,865,94,87
8,0.7,2,2,0.5395083667032806,9.063359999999943,99.0,0.5353535353535354,2.117815517815512,-1.1736325445695421,91.54909090909011,91.54909090909013,53,46,53,46,0,11.676767676767676,4.0,1060,1215,166,156,1003,935,1151,1059,70,62
12,0.6,4,4,0.5337462305766644,12.805099999999946,155.0,0.567741935483871,2.0102515471205042,-1.5333768827539056,82.61354838709639,82.61354838709639,90,65,88,66,1,16.45806451612903,6.0,748,787,184,152,703,679,742,701,112,79
12,0.6,2,4,0.5329461559262988,11.584509999999938,142.0,0.5704225352112676,1.9788621059987257,-2.070281893506833,81.58105633802772,81.58105633802772,86,56,81,60,1,16.697183098591548,5.5,680,740,165,139,644,620,700,655,105,71
16,0.8,3,4,0.5284818965675705,8.598529999999926,107.0,0.5607476635514018,2.1272665536585293,-1.652250054846655,80.36009345794336,80.36009345794335,65,42,60,47,0,10.878504672897197,4.0,720,766,137,115,681,656,725,683,75,53
12,0.6,3,4,0.5266130743842449,11.610239999999926,147.0,0.5578231292517006,1.9323546889806074,-2.091068067378854,78.98122448979537,78.98122448979534,88,59,82,64,1,16.8843537414966,6.0,720,766,174,142,681,656,725,683,109,73
16,0.8,2,4,0.5264962548800394,8.325889999999948,103.0,0.5728155339805825,2.147330416508759,-1.6371600822834522,80.8338834951452,80.8338834951452,64,39,59,44,0,10.922330097087379,4.0,680,740,129,112,644,620,700,655,72,51
16,0.7,2,3,0.5262145323194164,13.063459999999939,162.0,0.5308641975308642,1.9381474986247489,-1.3793092631049684,80.63864197530846,80.63864197530846,85,77,86,76,0,11.32716049382716,4.0,862,926,187,180,817,781,882,825,108,100
24,0.9,4,2,0.5255664806649732,7.623769999999919,83.0,0.5301204819277109,2.2845420647985355,-0.9648802981230057,91.85265060240881,91.85265060240883,45,38,44,39,0,10.433734939759036,4.0,1173,1308,155,135,1109,1040,1238,1151,60,47
8,0.7,3,2,0.5251105537807093,8.87204999999991,105.0,0.5142857142857142,1.9866482950052802,-1.1748079081963627,84.49571428571335,84.49571428571332,57,48,54,51,0,11.552380952380952,4.0,1127,1261,180,163,1069,998,1196,1109,78,65
6,0.6,3,3,0.5240138782183492,8.80807999999995,103.0,0.5242718446601942,1.9831148653475168,-1.3555256311643884,85.51533980582462,85.51533980582461,57,46,54,49,0,10.78640776699029,4.0,902,964,148,125,855,818,919,865,71,56
24,0.9,4,3,0.5235447012896416,7.191599999999987,75.0,0.5466666666666666,2.2794938672682497,-1.1274650814208007,95.8879999999994,95.88799999999938,39,36,41,34,0,10.133333333333333,4.0,936,1004,124,104,883,848,954,901,47,43
12,0.8,4,2,0.5217864441424374,8.880429999999961,108.0,0.5092592592592593,1.9637274042369373,-1.1805344731410525,82.2262037037033,82.22620370370333,60,48,55,53,0,11.481481481481481,4.0,1173,1308,187,165,1109,1040,1238,1151,80,61
16,0.7,3,3,0.5186839447188464,13.048309999999885,168.0,0.5178571428571429,1.8947279640416728,-1.3295383156950606,77.66851190476154,77.66851190476159,89,79,87,81,0,11.642857142857142,4.5,902,964,197,183,855,818,919,865,113,103
16,0.7,4,3,0.5185018657110481,14.211219999999924,178.0,0.5280898876404494,1.9339225981980288,-1.36731725924634,79.83831460674129,79.83831460674126,94,84,94,83,1,11.797752808988765,5.0,936,1004,208,196,883,848,954,901,118,111
24,0.9,2,3,0.5184767068197024,6.678869999999959,68.0,0.5588235294117647,2.301835157445394,-1.1243260928662722,98.21867647058774,98.21867647058777,36,32,38,30,0,10.264705882352942,4.0,862,926,110,91,817,781,882,825,44,38
8,0.7,4,3,0.5176661768237293,8.421760000000035,103.0,0.5242718446601942,1.9403462698832745,-1.2325947127277845,81.76466019417478,81.76466019417478,56,47,54,49,0,11.310679611650485,5.0,936,1004,149,129,883,848,954,901,66,58
6,0.6,2,3,0.5162109042133405,8.188419999999951,98.0,0.5408163265306123,1.9620622888106602,-1.3518653107444925,83.55530612244851,83.55530612244854,55,43,53,45,0,10.948979591836734,4.0,862,926,138,119,817,781,882,825,67,53
12,0.8,4,3,0.5150930509597765,8.22734000000005,101.0,0.5247524752475248,1.927440136534469,-1.2348408763598395,81.45881188118815,81.45881188118815,54,47,53,48,0,11.396039603960396,5.0,936,1004,146,127,883,848,954,901,63,57
24,0.9,2,2,0.5139033348781354,6.839179999999945,75.0,0.5333333333333333,2.256116957775444,-0.9647092687938577,91.1890666666657,91.18906666666571,40,35,40,35,0,10.813333333333333,3.0,1060,1215,137,123,1003,935,1151,1059,53,43
24,0.9,3,3,0.5132168070238282,6.8091299999999855,71.0,0.5352112676056338,2.235752099322874,-1.1274650814208007,95.90323943661906,95.90323943661903,37,34,38,33,0,10.295774647887324,4.0,902,964,117,96,855,818,919,865,46,40
12,0.6,2,3,0.5114156656807893,13.399259999999957,176.0,0.5227272727272727,1.847902022674405,-1.8701295148286112,76.13215909090894,76.13215909090893,93,83,92,84,0,13.852272727272727,4.5,862,926,200,191,817,781,882,825,119,108
24,0.8,4,2,0.5101836539339027,11.054269999999944,171.0,0.5029239766081871,1.7691591015517036,-1.2294216322452551,64.64485380116906,64.64485380116903,88,83,86,85,0,9.461988304093568,4.0,1173,1308,226,213,1109,1040,1238,1151,114,103
12,0.8,2,2,0.5097414400044982,7.976619999999945,94.0,0.5106382978723404,1.9837841171174473,-1.1811152979342618,84.85765957446749,84.85765957446746,52,42,48,46,0,11.97872340425532,4.0,1060,1215,164,148,1003,935,1151,1059,69,54
24,0.9,3,2,0.5095141969945939,6.969439999999905,78.0,0.5128205128205128,2.196581313975878,-0.9712937408397244,89.35179487179379,89.35179487179376,41,37,40,38,0,10.846153846153847,4.0,1127,1261,146,129,1069,998,1196,1109,57,46
24,0.8,2,2,0.5092580482096923,9.572309999999963,155.0,0.5032258064516129,1.7215285477710707,-1.2284552981377161,61.756838709676934,61.756838709676884,78,77,78,77,0,9.438709677419356,4.0,1060,1215,202,197,1003,935,1151,1059,101,94
16,0.8,4,2,0.5092560015660463,9.954549999999873,161.0,0.4906832298136646,1.726787207090779,-1.3046488798513554,61.82950310558954,61.82950310558951,82,79,79,82,0,9.857142857142858,4.0,1173,1308,231,217,1109,1040,1238,1151,112,101
16,0.6,4,4,0.5053867037609903,16.89912999999994,209.0,0.5550239234449761,1.93223669439432,-1.8331442140737002,80.85708133971276,80.85708133971275,117,92,116,92,1,18.66507177033493,5.0,748,787,228,188,703,679,742,701,153,113
12,0.6,3,3,0.5048752376862737,13.384109999999904,182.0,0.510989010989011,1.813047902245519,-1.7689845987535424,73.53906593406562,73.5390659340656,97,85,93,89,0,14.06043956043956,5.0,902,964,210,194,855,818,919,865,124,111
12,0.6,4,3,0.5047495459240393,14.547019999999922,192.0,0.5208333333333334,1.8509616959543227,-1.7680411080686884,75.76572916666642,75.76572916666646,102,90,100,91,1,14.078125,5.0,936,1004,222,208,883,848,954,901,130,120
12,0.7,2,2,0.5043670111827687,9.774639999999902,157.0,0.4968152866242038,1.6842053685675284,-1.7633782431764597,62.25885350318425,62.258853503184255,81,76,78,79,0,10.063694267515924,4.0,1060,1215,219,207,1003,935,1151,1059,110,99
8,0.7,2,3,0.5017430089074372,7.536520000000002,92.0,0.532608695652174,1.9096123069198672,-1.357081287711266,81.91869565217388,81.91869565217391,52,40,49,43,0,11.58695652173913,4.0,862,926,131,112,817,781,882,825,60,50
16,0.8,2,2,0.500383826342999,8.840199999999875,144.0,0.4930555555555556,1.7123001132886035,-1.2890580865080765,61.39027777777725,61.39027777777726,72,72,71,73,0,10.222222222222221,4.0,1060,1215,206,200,1003,935,1151,1059,99,92
16,0.6,2,4,0.499965351301571,14.057529999999963,194.0,0.5412371134020618,1.8068703941904285,-2.321338148944037,72.46149484536056,72.46149484536055,109,85,105,88,1,18.324742268041238,5.0,680,740,206,176,644,620,700,655,143,106
12,0.7,4,2,0.4992830882013662,11.01139999999987,177.0,0.4971751412429379,1.6987753630821854,-1.7596670639949603,62.21129943502772,62.21129943502774,93,84,88,89,0,9.63276836158192,4.0,1173,1308,246,225,1109,1040,1238,1151,125,109
12,0.8,2,3,0.4992114315268379,7.342099999999996,90.0,0.5333333333333333,1.8953321903024487,-1.359557819879134,81.57888888888887,81.57888888888886,50,40,48,42,0,11.688888888888888,4.0,862,926,129,110,817,781,882,825,58,49
24,0.8,3,2,0.4987440303154426,9.459039999999952,162.0,0.4876543209876543,1.672156263057208,-1.2325926168661323,58.38913580246851,58.3891358024685,82,80,79,83,0,9.858024691358025,4.0,1127,1261,213,203,1069,998,1196,1109,107,98
8,0.6,2,2,0.49854855826133626,11.51207999999988,178.0,0.5,1.6994967692855396,-2.00248450500761,64.67460674157222,64.67460674157222,93,85,89,89,0,10.707865168539326,4.0,1060,1215,232,225,1003,935,1151,1059,123,113
16,0.6,3,4,0.4982514671896751,14.56686999999992,199.0,0.542713567839196,1.815200231461399,-2.2701343373154974,73.20035175879362,73.20035175879363,113,86,108,90,1,18.457286432160803,5.0,720,766,216,177,681,656,725,683,148,106
8,0.7,3,3,0.4965092152463948,7.598499999999975,96.0,0.5104166666666666,1.8700446329404374,-1.360769946792009,79.15104166666652,79.15104166666652,54,42,49,47,0,11.46875,4.0,902,964,141,117,855,818,919,865,64,52
12,0.8,3,2,0.4961577943128026,7.785309999999934,100.0,0.49,1.8657934567081529,-1.1823057045208145,77.85309999999924,77.85309999999924,56,44,49,51,0,11.83,4.0,1127,1261,178,155,1069,998,1196,1109,77,57
24,0.7,4,4,0.4941046320503595,11.568690000000004,195.0,0.5282051282051282,1.663271957963179,-1.7156393234060276,59.32661538461562,59.32661538461562,107,88,103,91,1,16.594871794871796,5.0,748,787,206,181,703,679,742,701,133,107
12,0.8,3,3,0.4938591819769538,7.404079999999991,94.0,0.5106382978723404,1.8561154240176858,-1.363259972445655,78.76680851063816,78.76680851063816,52,42,48,46,0,11.563829787234043,4.0,902,964,139,115,855,818,919,865,62,51
24,0.7,2,3,0.4937559550910175,15.308860000000069,213.0,0.5164319248826291,1.7942809587700674,-1.8641537807647923,71.87258215962456,71.87258215962456,104,109,110,103,0,14.52112676056338,5.0,862,926,225,219,817,781,882,825,144,136
6,0.6,4,4,0.4933632087022203,6.229779999999918,86.0,0.5813953488372093,2.0082018416921477,-1.261507374151612,72.43930232558095,72.43930232558097,52,34,50,36,0,11.127906976744185,4.0,748,787,128,105,703,679,742,701,61,42
24,0.9,4,4,0.49145043918954306,4.684179999999971,59.0,0.6101694915254238,2.306649037066784,-0.6933493124201637,79.39288135593183,79.39288135593185,37,22,36,23,0,9.813559322033898,4.0,748,787,103,79,703,679,742,701,41,28
8,0.6,4,2,0.49049645244774576,13.247349999999813,200.0,0.5,1.7364200602039481,-1.9982434458236615,66.23674999999908,66.23674999999906,106,94,100,100,0,10.215,4.0,1173,1308,262,244,1109,1040,1238,1151,140,124
8,0.6,3,2,0.4904442068635306,11.715449999999805,187.0,0.48663101604278075,1.669275684717267,-2.004539360384555,62.64946524064072,62.64946524064071,98,89,91,96,0,10.598930481283423,4.0,1127,1261,247,233,1069,998,1196,1109,132,118
24,0.7,3,3,0.4902961942404661,15.698540000000062,222.0,0.5135135135135135,1.7851821842098712,-1.7430334444559497,70.71414414414434,70.71414414414434,110,112,114,108,0,14.54054054054054,5.0,902,964,235,223,855,818,919,865,150,139
24,0.7,4,3,0.49006552448249485,16.980250000000098,233.0,0.5236051502145923,1.822498838685555,-1.610667467466725,72.87660944206027,72.87660944206029,115,118,122,110,1,14.656652360515022,5.0,936,1004,246,238,883,848,954,901,155,149
24,0.7,3,4,0.49004828914368187,10.131210000000014,187.0,0.5187165775401069,1.5889817181678325,-1.9224944688064767,54.17759358288793,54.17759358288791,104,83,97,89,1,16.6524064171123,5.0,720,766,196,172,681,656,725,683,130,102
24,0.7,2,4,0.4898735330212249,9.773349999999947,179.0,0.5195530726256983,1.5941329270865205,-1.978944547439427,54.599720670391136,54.59972067039112,100,79,93,85,1,16.58659217877095,5.0,680,740,186,168,644,620,700,655,125,99
12,0.7,3,2,0.485734087346457,9.404029999999896,165.0,0.47878787878787876,1.6126631412371608,-2.1691766703526274,56.99412121212063,56.99412121212062,86,79,79,86,0,9.963636363636363,4.0,1127,1261,233,214,1069,998,1196,1109,118,103
24,0.9,2,4,0.4821748990476272,4.089879999999968,53.0,0.6226415094339622,2.2876888298374727,-0.7870201869623842,77.16754716981113,77.16754716981114,34,19,33,20,0,9.849056603773585,4.0,680,740,87,69,644,620,700,655,37,25
16,0.7,2,2,0.4800885549486854,10.302369999999872,200.0,0.48,1.546734226763962,-1.782964611235873,51.51184999999954,51.51184999999951,102,98,96,104,0,9.74,4.0,1060,1215,252,247,1003,935,1151,1059,139,126
16,0.8,3,2,0.4798013482486437,8.469589999999872,152.0,0.47368421052631576,1.6285834516468205,-1.8834576737566278,55.720986842104615,55.720986842104594,77,75,72,80,0,10.105263157894736,4.0,1127,1261,220,207,1069,998,1196,1109,107,96
16,0.6,2,3,0.47885476822713047,17.032250000000037,236.0,0.5084745762711864,1.7440084219538696,-2.087209670157815,72.17055084745769,72.17055084745768,121,115,120,116,0,15.961864406779661,5.0,862,926,254,234,817,781,882,825,169,148
24,0.9,3,4,0.47885315804000045,4.3017099999999475,55.0,0.6,2.2381408789608286,-0.7886344543353259,78.21290909090868,78.21290909090868,35,20,33,22,0,10.054545454545455,4.0,720,766,94,73,681,656,725,683,39,26
24,0.6,2,4,0.47873013973418815,15.726700000000005,235.0,0.5319148936170213,1.7251370579908625,-1.9645624912270232,66.92212765957454,66.92212765957456,132,103,125,109,1,17.54468085106383,5.0,680,740,228,206,644,620,700,655,167,131
16,0.6,3,3,0.4749100002375964,17.50071000000004,242.0,0.5082644628099173,1.7485266385545732,-2.1713104151614377,72.31698347107432,72.3169834710743,127,115,123,119,0,16.09090909090909,5.0,902,964,264,235,855,818,919,865,176,149
16,0.6,4,3,0.47451506576166613,19.000050000000023,256.0,0.51953125,1.7869656465547783,-2.0239349798812256,74.21894531249998,74.21894531249998,133,123,133,122,1,16.0,5.0,936,1004,278,253,883,848,954,901,184,162
24,0.6,4,4,0.47209126087422987,16.89980000000004,257.0,0.5330739299610895,1.7190639293692191,-1.6280939930355842,65.75797665369673,65.75797665369673,142,115,137,119,1,16.719844357976655,5.0,748,787,250,222,703,679,742,701,177,143
24,0.6,3,4,0.47195026008264485,15.91980000000004,246.0,0.5284552845528455,1.6994953200890393,-2.1049011843614163,64.7146341463416,64.71463414634158,137,109,130,115,1,17.182926829268293,5.0,720,766,238,212,681,656,725,683,172,137
16,0.7,4,2,0.4702567412289821,11.343319999999913,221.0,0.4796380090497738,1.5473148889768067,-1.7834145202913982,51.3272398190041,51.327239819004134,115,106,106,114,1,10.031674208144796,4.0,1173,1308,282,266,1109,1040,1238,1151,158,138
16,0.7,3,2,0.47019682128944945,9.934949999999866,208.0,0.46634615384615385,1.4991536702675192,-1.7890737268361971,47.76418269230715,47.76418269230717,107,101,97,111,0,10.01923076923077,4.0,1127,1261,267,254,1069,998,1196,1109,149,131
6,0.6,3,4,0.46932415835246327,5.406519999999926,79.0,0.569620253164557,1.9076611589949768,-1.5579221979379119,68.43696202531576,68.43696202531578,50,29,45,34,0,11.367088607594937,4.0,720,766,118,95,681,656,725,683,58,37
8,0.7,4,4,0.46784466425870724,5.26028999999999,81.0,0.5679012345679012,1.8684230076486328,-1.2665375951152267,64.94185185185177,64.94185185185175,50,31,46,35,0,11.74074074074074,5.0,748,787,124,99,703,679,742,701,57,39
24,0.6,2,3,0.4659942865050518,21.28735000000004,282.0,0.5177304964539007,1.8144106265315172,-2.1544688224608533,75.4870567375889,75.48705673758889,141,141,146,136,0,15.404255319148936,5.0,862,926,276,270,817,781,882,825,194,182
12,0.8,4,4,0.4607278554415563,4.9808699999999595,80.0,0.5625,1.8222934678709437,-1.269973590398054,62.26087499999994,62.26087499999993,49,31,45,35,0,11.725,4.5,748,787,121,98,703,679,742,701,54,39
24,0.6,3,3,0.45831857049966584,21.61059000000005,296.0,0.5135135135135135,1.788714860537051,-2.029740811743653,73.0087500000002,73.00875000000018,149,147,152,144,0,15.135135135135135,5.0,902,964,288,277,855,818,919,865,202,189
6,0.6,2,4,0.4540719828946736,4.6370099999999415,76.0,0.5789473684210527,1.8194986170880134,-1.5547774866820925,61.013289473683756,61.013289473683784,49,27,44,32,0,11.381578947368421,4.0,680,740,110,90,644,620,700,655,55,35
24,0.6,4,3,0.453697154113871,22.237740000000027,309.0,0.517799352750809,1.778799783987177,-1.913453748489154,71.96679611650514,71.9667961165051,156,153,160,148,1,14.935275080906148,5.0,936,1004,301,292,883,848,954,901,209,199
12,0.6,2,2,0.45222537728976975,9.388949999999884,221.0,0.47058823529411764,1.4294559204992263,-2.0159566731314955,42.48393665158321,42.48393665158321,115,106,104,117,0,10.46606334841629,4.0,1060,1215,272,260,1003,935,1151,1059,156,136
12,0.6,4,2,0.45015564394038665,10.319909999999876,245.0,0.46938775510204084,1.430099653124934,-2.0164663826277835,42.12208163265257,42.122081632652595,130,115,115,129,1,10.546938775510204,4.0,1173,1308,304,280,1109,1040,1238,1151,177,149
8,0.7,3,4,0.4423210215317118,4.437029999999975,74.0,0.5540540540540541,1.7604516404358,-1.6405912872047526,59.95986486486456,59.95986486486456,48,26,41,33,0,12.054054054054054,4.5,720,766,114,89,681,656,725,683,54,34
8,0.7,2,4,0.4419601713889284,4.225199999999996,72.0,0.5694444444444444,1.7631481033280694,-1.6372689777172194,58.683333333333195,58.683333333333195,47,25,41,31,0,11.958333333333334,4.0,680,740,106,85,644,620,700,655,51,33
12,0.6,3,2,0.43608431786751134,8.957809999999867,230.0,0.45652173913043476,1.389702635529813,-2.1260565499114037,38.94699999999942,38.94699999999942,121,109,105,125,0,10.647826086956522,4.0,1127,1261,288,267,1069,998,1196,1109,167,141
12,0.8,3,4,0.4349723509320623,4.157609999999967,73.0,0.547945205479452,1.7125625350273237,-1.6450810542716217,56.95356164383533,56.953561643835314,47,26,40,33,0,12.04109589041096,4.0,720,766,112,88,681,656,725,683,52,34
12,0.8,2,4,0.4344993091866139,3.9457799999999876,71.0,0.5633802816901409,1.7126797602834967,-1.6417405542445478,55.57436619718298,55.574366197183,46,25,40,31,0,11.943661971830986,4.0,680,740,104,84,644,620,700,655,49,33
24,0.7,4,2,0.4294015464241586,11.796940000000067,296.0,0.46283783783783783,1.4163689562310953,-1.9275244216233687,39.85452702702701,39.854527027027004,151,145,137,158,1,10.422297297297296,4.0,1173,1308,335,316,1109,1040,1238,1151,207,184
16,0.6,2,2,0.42364317897114073,12.538359999999948,295.0,0.4576271186440678,1.4172382535729435,-2.9282100183374387,42.502915254237045,42.50291525423704,151,144,135,160,0,11.091525423728813,4.0,1060,1215,334,317,1003,935,1151,1059,213,183
16,0.6,4,2,0.415855010891912,15.326959999999978,326.0,0.4723926380368098,1.474312713606839,-2.810366266479451,47.015214723926135,47.01521472392611,171,155,154,171,1,11.395705521472392,4.0,1173,1308,372,340,1109,1040,1238,1151,241,200
16,0.6,3,2,0.4146720272675565,12.36374999999994,304.0,0.45394736842105265,1.3958856391213599,-3.3884860254216087,40.670230263157585,40.670230263157606,159,145,138,166,0,11.473684210526315,4.0,1127,1261,352,322,1069,998,1196,1109,227,187
24,0.6,2,2,0.41345021872221766,16.570770000000024,349.0,0.47277936962750716,1.4981417500647076,-2.090561912841569,47.480716332378215,47.480716332378194,175,174,165,184,0,11.530085959885387,4.0,1060,1215,362,358,1003,935,1151,1059,242,225
24,0.7,2,2,0.4117308937569893,8.585289999999969,267.0,0.44569288389513106,1.3249132490113837,-2.199085911000518,32.15464419475642,32.154644194756415,134,133,119,148,0,10.146067415730338,4.0,1060,1215,300,292,1003,935,1151,1059,183,167
24,0.7,3,2,0.403486160333431,8.54387999999997,279.0,0.44086021505376344,1.3093019972414388,-2.2326250383446036,30.62322580645155,30.623225806451558,142,137,123,156,0,10.290322580645162,4.0,1127,1261,319,300,1069,998,1196,1109,197,173
24,0.6,3,2,0.4032130684300271,16.34681999999994,366.0,0.4672131147540984,1.465419044039769,-2.090811727069876,44.66344262295078,44.66344262295078,185,181,171,195,0,11.609289617486338,4.0,1127,1261,384,368,1069,998,1196,1109,259,234
16,0.9,4,3,0.40267654555130517,2.822710000000006,51.0,0.47058823529411764,1.569603496671417,-1.4719931113551168,55.34725490196034,55.34725490196034,28,23,24,27,0,9.901960784313726,4.0,936,1004,107,86,883,848,954,901,34,27
24,0.6,4,2,0.3978963985959927,18.34479999999996,388.0,0.47680412371134023,1.495173991650648,-1.8535598536653426,47.28041237113412,47.28041237113415,199,189,185,202,1,11.469072164948454,4.0,1173,1308,404,383,1109,1040,1238,1151,273,245
8,0.8,4,3,0.3960937318018245,2.712160000000008,52.0,0.46153846153846156,1.535352498559049,-1.5789509329179325,52.15692307692258,52.15692307692261,29,23,24,28,0,9.865384615384615,4.0,936,1004,108,87,883,848,954,901,35,28
12,0.9,4,3,0.3960937318018245,2.712160000000008,52.0,0.46153846153846156,1.535352498559049,-1.5789509329179325,52.15692307692258,52.15692307692261,29,23,24,28,0,9.865384615384615,4.0,936,1004,108,86,883,848,954,901,35,27
6,0.7,4,3,0.3872740784692732,2.531019999999984,53.0,0.4528301886792453,1.4823507887926213,-1.754205024260216,47.75509433962217,47.755094339622175,30,23,24,29,0,9.867924528301886,4.0,936,1004,109,89,883,848,954,901,36,28
6,0.8,4,3,0.3872740784692732,2.531019999999984,53.0,0.4528301886792453,1.4823507887926213,-1.754205024260216,47.75509433962217,47.755094339622175,30,23,24,29,0,9.867924528301886,4.0,936,1004,109,89,883,848,954,901,36,28
16,0.9,4,2,0.386744816402961,2.708009999999983,47.0,0.44680851063829785,1.5635640926922145,-1.9426225399469255,57.61723404255292,57.617234042552894,29,18,21,26,0,10.27659574468085,4.0,1173,1308,131,107,1109,1040,1238,1151,40,25
16,0.9,4,4,0.38225183524880313,1.5576999999999952,41.0,0.5121951219512195,1.4623380169655507,-1.1387960467241316,37.9926829268292,37.99268292682919,25,16,21,20,0,11.414634146341463,4.0,748,787,88,68,703,679,742,701,29,18
12,0.9,4,2,0.38013599443908774,2.597459999999985,48.0,0.4375,1.5284008381308847,-2.0491894934912556,54.113749999999676,54.11374999999968,30,18,21,27,0,10.25,4.0,1173,1308,132,107,1109,1040,1238,1151,41,25
8,0.8,4,2,0.3764624393328395,2.507299999999968,49.0,0.42857142857142855,1.500872976871104,-2.1361010858165104,51.16938775510165,51.16938775510164,30,19,21,28,0,10.061224489795919,4.0,1173,1308,132,109,1109,1040,1238,1151,41,27
8,0.8,4,4,0.3749025062465494,1.447149999999997,42.0,0.5,1.4158799676986404,-1.1387960467241316,34.45595238095224,34.45595238095224,26,16,21,21,0,11.30952380952381,4.0,748,787,89,69,703,679,742,701,30,19
12,0.9,4,4,0.3749025062465494,1.447149999999997,42.0,0.5,1.4158799676986404,-1.1387960467241316,34.45595238095224,34.45595238095224,26,16,21,21,0,11.30952380952381,4.0,748,787,89,68,703,679,742,701,30,18
12,0.9,2,3,0.3736592376011352,1.8570200000000314,46.0,0.45652173913043476,1.3987263225246787,-1.7829974441502763,40.36999999999977,40.36999999999978,26,20,21,25,0,9.217391304347826,3.0,862,926,93,76,817,781,882,825,31,24
16,0.9,2,3,0.3736592376011352,1.8570200000000314,46.0,0.45652173913043476,1.3987263225246787,-1.7829974441502763,40.36999999999977,40.36999999999978,26,20,21,25,0,9.217391304347826,3.0,862,926,93,76,817,781,882,825,31,24
8,0.8,2,3,0.3736592376011352,1.8570200000000314,46.0,0.45652173913043476,1.3987263225246787,-1.7829974441502763,40.36999999999977,40.36999999999978,26,20,21,25,0,9.217391304347826,3.0,862,926,93,77,817,781,882,825,31,25
16,0.9,3,3,0.3732998769625692,2.068850000000011,48.0,0.4375,1.4174797248348774,-1.9713718558349704,43.101041666666184,43.10104166666618,27,21,21,27,0,9.520833333333334,4.0,902,964,100,78,855,818,919,865,33,25
8,0.8,3,3,0.3732998769625692,2.068850000000011,48.0,0.4375,1.4174797248348774,-1.9713718558349704,43.101041666666184,43.10104166666618,27,21,21,27,0,9.520833333333334,4.0,902,964,100,79,855,818,919,865,33,26
12,0.9,3,3,0.3732998769625692,2.068850000000011,48.0,0.4375,1.4174797248348774,-1.9713718558349704,43.101041666666184,43.10104166666618,27,21,21,27,0,9.520833333333334,4.0,902,964,100,78,855,818,919,865,33,25
6,0.8,2,3,0.36457964685219285,1.6758800000000296,47.0,0.44680851063829785,1.3463621107280714,-1.958310460246491,35.657021276595536,35.65702127659553,27,20,21,26,0,9.23404255319149,3.0,862,926,94,78,817,781,882,825,32,25
6,0.7,2,3,0.36457964685219285,1.6758800000000296,47.0,0.44680851063829785,1.3463621107280714,-1.958310460246491,35.657021276595536,35.65702127659553,27,20,21,26,0,9.23404255319149,3.0,862,926,94,78,817,781,882,825,32,25
6,0.7,4,4,0.3645742555003366,1.2660100000000174,43.0,0.4883720930232558,1.3458221679546094,-1.3181447655253455,29.44209302325569,29.44209302325568,27,16,21,22,0,11.255813953488373,4.0,748,787,90,70,703,679,742,701,31,19
6,0.8,4,4,0.3645742555003366,1.2660100000000174,43.0,0.4883720930232558,1.3458221679546094,-1.3181447655253455,29.44209302325569,29.44209302325568,27,16,21,22,0,11.255813953488373,4.0,748,787,90,70,703,679,742,701,31,19
6,0.8,3,3,0.36452658715809455,1.887710000000009,49.0,0.42857142857142855,1.3674939796095118,-2.147038078761957,38.524693877550554,38.52469387755056,28,21,21,28,0,9.53061224489796,4.0,902,964,101,81,855,818,919,865,34,26
6,0.7,3,3,0.36452658715809455,1.887710000000009,49.0,0.42857142857142855,1.3674939796095118,-2.147038078761957,38.524693877550554,38.52469387755056,28,21,21,28,0,9.53061224489796,4.0,902,964,101,81,855,818,919,865,34,26
6,0.8,4,2,0.3618737227338618,2.2045800000000115,51.0,0.4117647058823529,1.4152861970621111,-2.313426051299763,43.22705882352902,43.22705882352899,32,19,21,30,0,9.92156862745098,4.0,1173,1308,134,111,1109,1040,1238,1151,43,27
6,0.7,4,2,0.3618737227338618,2.2045800000000115,51.0,0.4117647058823529,1.4152861970621111,-2.313426051299763,43.22705882352902,43.22705882352899,32,19,21,30,0,9.92156862745098,4.0,1173,1308,134,111,1109,1040,1238,1151,43,27
12,0.9,3,4,0.3485747792029194,0.8038399999999779,38.0,0.47368421052631576,1.2385862435370014,-1.3982160684702765,21.153684210526222,21.153684210526208,24,14,18,20,0,11.131578947368421,4.0,720,766,80,61,681,656,725,683,28,16
8,0.8,3,4,0.3485747792029194,0.8038399999999779,38.0,0.47368421052631576,1.2385862435370014,-1.3982160684702765,21.153684210526222,21.153684210526208,24,14,18,20,0,11.131578947368421,4.0,720,766,80,62,681,656,725,683,28,17
16,0.9,3,4,0.3485747792029194,0.8038399999999779,38.0,0.47368421052631576,1.2385862435370014,-1.3982160684702765,21.153684210526222,21.153684210526208,24,14,18,20,0,11.131578947368421,4.0,720,766,80,61,681,656,725,683,28,16
16,0.9,2,4,0.34765329870403433,0.5920099999999984,36.0,0.5,1.1927749683326903,-1.39534216474225,16.44472222222248,16.44472222222248,23,13,18,18,0,10.88888888888889,3.5,680,740,74,59,644,620,700,655,26,15
12,0.9,2,4,0.34765329870403433,0.5920099999999984,36.0,0.5,1.1927749683326903,-1.39534216474225,16.44472222222248,16.44472222222248,23,13,18,18,0,10.88888888888889,3.5,680,740,74,59,644,620,700,655,26,15
8,0.8,2,4,0.34765329870403433,0.5920099999999984,36.0,0.5,1.1927749683326903,-1.39534216474225,16.44472222222248,16.44472222222248,23,13,18,18,0,10.88888888888889,3.5,680,740,74,60,644,620,700,655,26,16
12,0.9,3,2,0.33967711373474774,1.551289999999983,42.0,0.38095238095238093,1.3228390372829102,-2.803980483022362,36.93547619047552,36.93547619047551,26,16,16,26,0,10.571428571428571,4.0,1127,1261,122,98,1069,998,1196,1109,37,23
16,0.9,3,2,0.33967711373474774,1.551289999999983,42.0,0.38095238095238093,1.3228390372829102,-2.803980483022362,36.93547619047552,36.93547619047551,26,16,16,26,0,10.571428571428571,4.0,1127,1261,122,98,1069,998,1196,1109,37,23
12,0.9,2,2,0.33937893014142395,1.3394599999999812,40.0,0.4,1.29719811136553,-2.614575085370452,33.486499999999616,33.48649999999962,25,15,16,24,0,10.25,3.5,1060,1215,114,95,1003,935,1151,1059,33,21
16,0.9,2,2,0.33937893014142395,1.3394599999999812,40.0,0.4,1.29719811136553,-2.614575085370452,33.486499999999616,33.48649999999962,25,15,16,24,0,10.25,3.5,1060,1215,114,95,1003,935,1151,1059,33,21
6,0.7,3,4,0.3384262657098533,0.6226999999999983,39.0,0.46153846153846156,1.1753926406633757,-1.57779890568874,15.966666666666592,15.966666666666598,25,14,18,21,0,11.076923076923077,4.0,720,766,81,63,681,656,725,683,29,17
6,0.8,3,4,0.3384262657098533,0.6226999999999983,39.0,0.46153846153846156,1.1753926406633757,-1.57779890568874,15.966666666666592,15.966666666666598,25,14,18,21,0,11.076923076923077,4.0,720,766,81,63,681,656,725,683,29,17
6,0.8,2,4,0.33703963990195596,0.4108700000000187,37.0,0.4864864864864865,1.1263387379963314,-1.5745558860586655,11.104594594594863,11.104594594594872,24,13,18,19,0,10.837837837837839,4.0,680,740,75,60,644,620,700,655,27,16
6,0.7,2,4,0.33703963990195596,0.4108700000000187,37.0,0.4864864864864865,1.1263387379963314,-1.5745558860586655,11.104594594594863,11.104594594594872,24,13,18,19,0,10.837837837837839,4.0,680,740,75,60,644,620,700,655,27,16
8,0.8,3,2,0.3363386147901779,1.461129999999966,43.0,0.37209302325581395,1.2984754795916849,-2.8911195122997646,33.97976744185973,33.979767441859735,26,17,16,27,0,10.348837209302326,4.0,1127,1261,122,100,1069,998,1196,1109,37,25
8,0.8,2,2,0.33589282823808947,1.2492999999999865,41.0,0.3902439024390244,1.2717571000974488,-2.7015394996980158,30.470731707316613,30.470731707316617,25,16,16,25,0,10.024390243902438,3.0,1060,1215,114,97,1003,935,1151,1059,33,23
6,0.8,3,2,0.322058831485801,1.1584100000000097,45.0,0.35555555555555557,1.222855581826186,-3.069797298879467,25.742444444443713,25.74244444444372,28,17,16,29,0,10.177777777777777,4.0,1127,1261,124,103,1069,998,1196,1109,39,25
6,0.7,3,2,0.322058831485801,1.1584100000000097,45.0,0.35555555555555557,1.222855581826186,-3.069797298879467,25.742444444443713,25.74244444444372,28,17,16,29,0,10.177777777777777,4.0,1127,1261,124,103,1069,998,1196,1109,39,25
6,0.7,2,2,0.32108772079137354,0.946580000000008,43.0,0.37209302325581395,1.1931858999477498,-2.8796362365516504,22.013488372092556,22.013488372092553,27,16,16,27,0,9.86046511627907,3.0,1060,1215,116,99,1003,935,1151,1059,35,23
6,0.8,2,2,0.32108772079137354,0.946580000000008,43.0,0.37209302325581395,1.1931858999477498,-2.8796362365516504,22.013488372092556,22.013488372092553,27,16,16,27,0,9.86046511627907,3.0,1060,1215,116,99,1003,935,1151,1059,35,23
16,1.0,4,4,-9999.0,0.32805000000000195,11.0,0.45454545454545453,1.3069473684210553,-1.0095944546144455,29.822727272727537,29.822727272727533,5,6,5,6,0,10.636363636363637,5.0,748,787,51,45,703,679,742,701,6,6
16,1.0,4,3,-9999.0,1.3056500000000026,12.0,0.5,2.2992964404064056,-0.6608895905817744,108.80416666666679,108.80416666666677,4,8,6,6,0,8.5,4.0,936,1004,63,53,883,848,954,901,7,8
8,0.9,2,2,-9999.0,0.6613299999999933,7.0,0.42857142857142855,1.8388573892969124,-0.6260260710634497,94.47571428571557,94.47571428571555,1,6,3,4,0,7.571428571428571,2.0,1060,1215,64,63,1003,935,1151,1059,2,6
16,1.0,3,4,-9999.0,0.32805000000000195,11.0,0.45454545454545453,1.3069473684210553,-1.0095944546144455,29.822727272727537,29.822727272727533,5,6,5,6,0,10.636363636363637,5.0,720,766,46,43,681,656,725,683,6,6
24,1.0,2,2,-9999.0,0.961320000000021,6.0,0.5,2.9683852737622742,-0.6045118272782501,160.2200000000024,160.22000000000236,1,5,3,3,0,5.666666666666667,1.5,1060,1215,60,54,1003,935,1151,1059,2,5
24,1.0,2,3,-9999.0,1.3441500000000106,8.0,0.625,4.304934720070858,-0.338757971977799,168.018750000002,168.018750000002,3,5,5,3,0,4.125,1.0,862,926,49,40,817,781,882,825,5,5
24,1.0,2,4,-9999.0,0.3665500000000099,7.0,0.5714285714285714,1.7789489342712526,-0.6166436571527198,52.36428571428821,52.36428571428819,4,3,4,3,0,7.285714285714286,0.0,680,740,38,34,644,620,700,655,4,3
24,1.0,3,2,-9999.0,1.1731500000000006,8.0,0.375,2.4914756474312547,-0.6057584776307826,146.64375000000018,146.64375000000018,2,6,3,5,0,8.5,4.5,1127,1261,67,57,1069,998,1196,1109,5,7
24,1.0,3,3,-9999.0,1.5559799999999901,10.0,0.5,3.2073769328982835,-0.4107641181805551,155.59800000000033,155.59800000000033,4,6,5,5,0,6.6,2.5,902,964,55,43,855,818,919,865,7,6
24,1.0,3,4,-9999.0,0.5783800000000117,9.0,0.4444444444444444,1.7523544409178529,-0.7594689822132262,64.26444444444496,64.26444444444495,5,4,4,5,0,9.11111111111111,4.0,720,766,44,36,681,656,725,683,6,4
24,1.0,4,2,-9999.0,1.1731500000000006,8.0,0.375,2.4914756474312547,-0.6057584776307826,146.64375000000018,146.64375000000018,2,6,3,5,0,8.5,4.5,1173,1308,72,59,1109,1040,1238,1151,5,7
24,1.0,4,3,-9999.0,1.5559799999999901,10.0,0.5,3.2073769328982835,-0.4107641181805551,155.59800000000033,155.59800000000033,4,6,5,5,0,6.6,2.5,936,1004,60,44,883,848,954,901,7,6
16,1.0,4,2,-9999.0,0.873159999999995,9.0,0.3333333333333333,1.8036003534089164,-0.6273250770023372,97.01777777777735,97.01777777777733,2,7,3,6,0,9.666666666666666,5.0,1173,1308,76,69,1109,1040,1238,1151,5,8
6,0.9,4,2,-9999.0,0.873159999999995,9.0,0.3333333333333333,1.8036003534089164,-0.6273250770023372,97.01777777777735,97.01777777777733,2,7,3,6,0,9.666666666666666,5.0,1173,1308,77,69,1109,1040,1238,1151,6,8
16,1.0,3,3,-9999.0,1.3056500000000026,12.0,0.5,2.2992964404064056,-0.6608895905817744,108.80416666666679,108.80416666666677,4,8,6,6,0,8.5,4.0,902,964,58,51,855,818,919,865,7,8
12,1.0,2,2,-9999.0,0.6613299999999933,7.0,0.42857142857142855,1.8388573892969124,-0.6260260710634497,94.47571428571557,94.47571428571555,1,6,3,4,0,7.571428571428571,2.0,1060,1215,64,63,1003,935,1151,1059,2,6
6,1.0,3,3,-9999.0,1.3056500000000026,12.0,0.5,2.2992964404064056,-0.6608895905817744,108.80416666666679,108.80416666666677,4,8,6,6,0,8.5,4.0,902,964,58,51,855,818,919,865,7,8
6,1.0,3,4,-9999.0,0.32805000000000195,11.0,0.45454545454545453,1.3069473684210553,-1.0095944546144455,29.822727272727537,29.822727272727533,5,6,5,6,0,10.636363636363637,5.0,720,766,46,43,681,656,725,683,6,6
6,1.0,4,2,-9999.0,0.873159999999995,9.0,0.3333333333333333,1.8036003534089164,-0.6273250770023372,97.01777777777735,97.01777777777733,2,7,3,6,0,9.666666666666666,5.0,1173,1308,77,69,1109,1040,1238,1151,6,8
6,1.0,4,3,-9999.0,1.3056500000000026,12.0,0.5,2.2992964404064056,-0.6608895905817744,108.80416666666679,108.80416666666677,4,8,6,6,0,8.5,4.0,936,1004,63,53,883,848,954,901,7,8
6,1.0,4,4,-9999.0,0.32805000000000195,11.0,0.45454545454545453,1.3069473684210553,-1.0095944546144455,29.822727272727537,29.822727272727533,5,6,5,6,0,10.636363636363637,5.0,748,787,51,45,703,679,742,701,6,6
8,1.0,4,4,-9999.0,0.32805000000000195,11.0,0.45454545454545453,1.3069473684210553,-1.0095944546144455,29.822727272727537,29.822727272727533,5,6,5,6,0,10.636363636363637,5.0,748,787,51,45,703,679,742,701,6,6
8,1.0,4,3,-9999.0,1.3056500000000026,12.0,0.5,2.2992964404064056,-0.6608895905817744,108.80416666666679,108.80416666666677,4,8,6,6,0,8.5,4.0,936,1004,63,53,883,848,954,901,7,8
8,1.0,4,2,-9999.0,0.873159999999995,9.0,0.3333333333333333,1.8036003534089164,-0.6273250770023372,97.01777777777735,97.01777777777733,2,7,3,6,0,9.666666666666666,5.0,1173,1308,77,69,1109,1040,1238,1151,6,8
8,1.0,3,4,-9999.0,0.32805000000000195,11.0,0.45454545454545453,1.3069473684210553,-1.0095944546144455,29.822727272727537,29.822727272727533,5,6,5,6,0,10.636363636363637,5.0,720,766,46,43,681,656,725,683,6,6
8,1.0,3,3,-9999.0,1.3056500000000026,12.0,0.5,2.2992964404064056,-0.6608895905817744,108.80416666666679,108.80416666666677,4,8,6,6,0,8.5,4.0,902,964,58,51,855,818,919,865,7,8
8,1.0,3,2,-9999.0,0.873159999999995,9.0,0.3333333333333333,1.8036003534089164,-0.6273250770023372,97.01777777777735,97.01777777777733,2,7,3,6,0,9.666666666666666,5.0,1127,1261,72,66,1069,998,1196,1109,6,8
8,1.0,2,4,-9999.0,0.11622000000002242,9.0,0.5555555555555556,1.1508253737541736,-0.9745734352309613,12.91333333333508,12.913333333335075,4,5,5,4,0,9.555555555555555,2.0,680,740,40,41,644,620,700,655,4,5
8,1.0,2,3,-9999.0,1.093820000000023,10.0,0.6,2.547785481816906,-0.6264751585862514,109.38200000000143,109.38200000000143,3,7,6,4,0,6.9,1.5,862,926,52,48,817,781,882,825,5,7
8,1.0,2,2,-9999.0,0.6613299999999933,7.0,0.42857142857142855,1.8388573892969124,-0.6260260710634497,94.47571428571557,94.47571428571555,1,6,3,4,0,7.571428571428571,2.0,1060,1215,64,63,1003,935,1151,1059,2,6
8,0.9,4,4,-9999.0,0.32805000000000195,11.0,0.45454545454545453,1.3069473684210553,-1.0095944546144455,29.822727272727537,29.822727272727533,5,6,5,6,0,10.636363636363637,5.0,748,787,51,45,703,679,742,701,6,6
8,0.9,4,3,-9999.0,1.3056500000000026,12.0,0.5,2.2992964404064056,-0.6608895905817744,108.80416666666679,108.80416666666677,4,8,6,6,0,8.5,4.0,936,1004,63,53,883,848,954,901,7,8
8,0.9,4,2,-9999.0,0.873159999999995,9.0,0.3333333333333333,1.8036003534089164,-0.6273250770023372,97.01777777777735,97.01777777777733,2,7,3,6,0,9.666666666666666,5.0,1173,1308,77,69,1109,1040,1238,1151,6,8
8,0.9,3,4,-9999.0,0.32805000000000195,11.0,0.45454545454545453,1.3069473684210553,-1.0095944546144455,29.822727272727537,29.822727272727533,5,6,5,6,0,10.636363636363637,5.0,720,766,46,43,681,656,725,683,6,6
8,0.9,3,3,-9999.0,1.3056500000000026,12.0,0.5,2.2992964404064056,-0.6608895905817744,108.80416666666679,108.80416666666677,4,8,6,6,0,8.5,4.0,902,964,58,51,855,818,919,865,7,8
8,0.9,3,2,-9999.0,0.873159999999995,9.0,0.3333333333333333,1.8036003534089164,-0.6273250770023372,97.01777777777735,97.01777777777733,2,7,3,6,0,9.666666666666666,5.0,1127,1261,72,66,1069,998,1196,1109,6,8
8,0.9,2,4,-9999.0,0.11622000000002242,9.0,0.5555555555555556,1.1508253737541736,-0.9745734352309613,12.91333333333508,12.913333333335075,4,5,5,4,0,9.555555555555555,2.0,680,740,40,41,644,620,700,655,4,5
6,1.0,3,2,-9999.0,0.873159999999995,9.0,0.3333333333333333,1.8036003534089164,-0.6273250770023372,97.01777777777735,97.01777777777733,2,7,3,6,0,9.666666666666666,5.0,1127,1261,72,66,1069,998,1196,1109,6,8
12,1.0,2,3,-9999.0,1.093820000000023,10.0,0.6,2.547785481816906,-0.6264751585862514,109.38200000000143,109.38200000000143,3,7,6,4,0,6.9,1.5,862,926,52,48,817,781,882,825,5,7
16,1.0,3,2,-9999.0,0.873159999999995,9.0,0.3333333333333333,1.8036003534089164,-0.6273250770023372,97.01777777777735,97.01777777777733,2,7,3,6,0,9.666666666666666,5.0,1127,1261,71,66,1069,998,1196,1109,5,8
12,1.0,2,4,-9999.0,0.11622000000002242,9.0,0.5555555555555556,1.1508253737541736,-0.9745734352309613,12.91333333333508,12.913333333335075,4,5,5,4,0,9.555555555555555,2.0,680,740,40,41,644,620,700,655,4,5
16,1.0,2,4,-9999.0,0.11622000000002242,9.0,0.5555555555555556,1.1508253737541736,-0.9745734352309613,12.91333333333508,12.913333333335075,4,5,5,4,0,9.555555555555555,2.0,680,740,40,41,644,620,700,655,4,5
16,1.0,2,3,-9999.0,1.093820000000023,10.0,0.6,2.547785481816906,-0.6264751585862514,109.38200000000143,109.38200000000143,3,7,6,4,0,6.9,1.5,862,926,52,48,817,781,882,825,5,7
16,1.0,2,2,-9999.0,0.6613299999999933,7.0,0.42857142857142855,1.8388573892969124,-0.6260260710634497,94.47571428571557,94.47571428571555,1,6,3,4,0,7.571428571428571,2.0,1060,1215,64,63,1003,935,1151,1059,2,6
6,0.9,2,2,-9999.0,0.6613299999999933,7.0,0.42857142857142855,1.8388573892969124,-0.6260260710634497,94.47571428571557,94.47571428571555,1,6,3,4,0,7.571428571428571,2.0,1060,1215,64,63,1003,935,1151,1059,2,6
6,0.9,2,3,-9999.0,1.093820000000023,10.0,0.6,2.547785481816906,-0.6264751585862514,109.38200000000143,109.38200000000143,3,7,6,4,0,6.9,1.5,862,926,52,48,817,781,882,825,5,7
6,0.9,2,4,-9999.0,0.11622000000002242,9.0,0.5555555555555556,1.1508253737541736,-0.9745734352309613,12.91333333333508,12.913333333335075,4,5,5,4,0,9.555555555555555,2.0,680,740,40,41,644,620,700,655,4,5
6,0.9,3,2,-9999.0,0.873159999999995,9.0,0.3333333333333333,1.8036003534089164,-0.6273250770023372,97.01777777777735,97.01777777777733,2,7,3,6,0,9.666666666666666,5.0,1127,1261,72,66,1069,998,1196,1109,6,8
6,0.9,3,3,-9999.0,1.3056500000000026,12.0,0.5,2.2992964404064056,-0.6608895905817744,108.80416666666679,108.80416666666677,4,8,6,6,0,8.5,4.0,902,964,58,51,855,818,919,865,7,8
6,0.9,3,4,-9999.0,0.32805000000000195,11.0,0.45454545454545453,1.3069473684210553,-1.0095944546144455,29.822727272727537,29.822727272727533,5,6,5,6,0,10.636363636363637,5.0,720,766,46,43,681,656,725,683,6,6
8,0.9,2,3,-9999.0,1.093820000000023,10.0,0.6,2.547785481816906,-0.6264751585862514,109.38200000000143,109.38200000000143,3,7,6,4,0,6.9,1.5,862,926,52,48,817,781,882,825,5,7
6,0.9,4,3,-9999.0,1.3056500000000026,12.0,0.5,2.2992964404064056,-0.6608895905817744,108.80416666666679,108.80416666666677,4,8,6,6,0,8.5,4.0,936,1004,63,53,883,848,954,901,7,8
6,0.9,4,4,-9999.0,0.32805000000000195,11.0,0.45454545454545453,1.3069473684210553,-1.0095944546144455,29.822727272727537,29.822727272727533,5,6,5,6,0,10.636363636363637,5.0,748,787,51,45,703,679,742,701,6,6
6,1.0,2,2,-9999.0,0.6613299999999933,7.0,0.42857142857142855,1.8388573892969124,-0.6260260710634497,94.47571428571557,94.47571428571555,1,6,3,4,0,7.571428571428571,2.0,1060,1215,64,63,1003,935,1151,1059,2,6
6,1.0,2,3,-9999.0,1.093820000000023,10.0,0.6,2.547785481816906,-0.6264751585862514,109.38200000000143,109.38200000000143,3,7,6,4,0,6.9,1.5,862,926,52,48,817,781,882,825,5,7
6,1.0,2,4,-9999.0,0.11622000000002242,9.0,0.5555555555555556,1.1508253737541736,-0.9745734352309613,12.91333333333508,12.913333333335075,4,5,5,4,0,9.555555555555555,2.0,680,740,40,41,644,620,700,655,4,5
12,1.0,4,4,-9999.0,0.32805000000000195,11.0,0.45454545454545453,1.3069473684210553,-1.0095944546144455,29.822727272727537,29.822727272727533,5,6,5,6,0,10.636363636363637,5.0,748,787,51,45,703,679,742,701,6,6
12,1.0,4,3,-9999.0,1.3056500000000026,12.0,0.5,2.2992964404064056,-0.6608895905817744,108.80416666666679,108.80416666666677,4,8,6,6,0,8.5,4.0,936,1004,63,53,883,848,954,901,7,8
12,1.0,4,2,-9999.0,0.873159999999995,9.0,0.3333333333333333,1.8036003534089164,-0.6273250770023372,97.01777777777735,97.01777777777733,2,7,3,6,0,9.666666666666666,5.0,1173,1308,77,69,1109,1040,1238,1151,6,8
12,1.0,3,4,-9999.0,0.32805000000000195,11.0,0.45454545454545453,1.3069473684210553,-1.0095944546144455,29.822727272727537,29.822727272727533,5,6,5,6,0,10.636363636363637,5.0,720,766,46,43,681,656,725,683,6,6
12,1.0,3,3,-9999.0,1.3056500000000026,12.0,0.5,2.2992964404064056,-0.6608895905817744,108.80416666666679,108.80416666666677,4,8,6,6,0,8.5,4.0,902,964,58,51,855,818,919,865,7,8
12,1.0,3,2,-9999.0,0.873159999999995,9.0,0.3333333333333333,1.8036003534089164,-0.6273250770023372,97.01777777777735,97.01777777777733,2,7,3,6,0,9.666666666666666,5.0,1127,1261,72,66,1069,998,1196,1109,6,8
24,1.0,4,4,-9999.0,0.5783800000000117,9.0,0.4444444444444444,1.7523544409178529,-0.7594689822132262,64.26444444444496,64.26444444444495,5,4,4,5,0,9.11111111111111,4.0,748,787,49,37,703,679,742,701,6,4
