ema_period,lookback_bars,min_close_ratio,left_bars,right_bars,rr_target,total_periods,positive_periods,positive_ratio,total_return_sum,total_trades_sum,avg_quarter_return,median_quarter_return,min_quarter_return,max_quarter_drawdown_worst,avg_profit_factor,median_profit_factor,min_profit_factor,min_trades_per_period,avg_trades_per_period,long_trades_total,short_trades_total,plateau_score
50,24,0.75,4,3,2.2,8,8,1.0,35.912660000000194,337,4.489082500000024,4.639577000000106,0.9868939999999604,-1.7395175883447893,2.1761063506922693,2.12874185027363,1.267911989466966,32,42.125,172,165,0.585496684171569
50,28,0.75,4,3,2.2,8,8,1.0,34.572094000000256,351,4.321511750000032,3.964411999999984,2.0008779999999726,-1.80361379354324,2.0121041255830563,2.0270630101374376,1.5219079467202543,31,43.875,176,175,0.5821088076802478
50,28,0.75,4,3,2.4,8,8,1.0,33.43695200000021,351,4.179619000000026,3.8805730000000205,2.558385999999979,-1.8603215784714018,1.901042160660674,1.8531612709562864,1.671255918291608,31,43.875,176,175,0.5779893068723418
50,24,0.75,4,3,2.0,8,8,1.0,33.39692000000016,337,4.17461500000002,3.9680450000000755,1.1810700000000063,-1.6964679465532941,2.145096915999541,2.0164289036604433,1.3446276578671597,32,42.125,172,165,0.5777960623818975
60,28,0.75,4,3,2.2,8,8,1.0,34.394588000000326,347,4.299323500000041,4.873276000000093,1.7752860000000092,-1.9892544672442158,1.9896177980396006,2.0079872883811722,1.477138917781376,35,43.375,166,181,0.5775998792770153
50,24,0.75,4,3,2.4,8,8,1.0,34.50929600000021,336,4.3136620000000265,4.737129000000095,1.4423979999999892,-1.7070355679304146,2.0082131421617766,2.1225357183753184,1.3915676027852697,32,42.0,171,165,0.5769480433798483
50,28,0.75,4,3,2.0,8,8,1.0,32.625470000000206,351,4.078183750000026,3.4727500000000022,1.7173899999999964,-1.8118257455868179,2.002634587402512,1.8477466370170152,1.4743686418791364,31,43.875,176,175,0.5723928588173577
55,24,0.75,4,3,2.2,8,8,1.0,33.259980000000255,338,4.157497500000032,4.831653000000092,1.352985999999956,-1.892806371084476,2.0105873194246384,2.1736102625531197,1.3241282823418887,34,42.25,170,168,0.5687553904094861
55,24,0.8,4,3,2.2,8,8,1.0,25.41548000000018,235,3.1769350000000225,2.88061200000006,1.7815260000000332,-1.6856801295075645,2.3426341631538063,2.050403878742046,1.6039808247786205,20,29.375,120,115,0.568170590501298
50,24,0.75,3,3,2.2,8,8,1.0,32.24134400000016,321,4.03016800000002,4.0873360000000964,0.6383239999999457,-1.7395175883447893,2.0873406174140516,2.0609959432938894,1.1583058464071858,30,40.125,164,157,0.5629067167852667
60,28,0.75,4,3,2.0,8,8,1.0,31.9903100000003,347,3.9987887500000374,4.392255000000089,1.2374700000000072,-2.025284225107184,1.969967419371371,1.9618126449432107,1.3325915354409992,35,43.375,166,181,0.5616392737606737
50,24,0.75,3,3,2.4,8,8,1.0,32.27889600000022,320,4.034862000000028,4.645578000000095,1.0938279999999745,-2.1471255794843733,2.0002837283811163,2.1852661595685814,1.2712719048067693,30,40.0,163,157,0.5611752947139056
60,28,0.75,3,3,2.2,8,8,1.0,31.46617400000038,332,3.9332717500000474,4.620993000000073,1.3071520000000225,-1.6664510580235357,1.946038433741261,1.935590804400603,1.351319782083429,33,41.5,159,173,0.5610206101802839
50,28,0.75,3,3,2.4,8,8,1.0,31.820304000000263,335,3.977538000000033,4.071035000000034,1.6954879999999894,-1.8733662873187678,1.8845045974265529,1.9637599262994514,1.4155322673934025,29,41.875,169,166,0.5608058291304708
60,28,0.75,4,3,2.4,8,8,1.0,32.65166200000021,347,4.081457750000026,3.940857000000042,1.253006000000001,-1.938361551942466,1.906626607227318,1.8274074777557348,1.286031981555247,35,43.375,166,181,0.5595245343638643
55,28,0.75,4,3,2.2,8,8,1.0,31.26465800000031,349,3.9080822500000387,3.9181310000001024,1.7808080000000004,-1.99727467201726,1.8692513728640745,1.8644611676976073,1.454554457972791,33,43.625,172,177,0.5589008411020302
50,24,0.8,4,3,2.2,8,8,1.0,26.12448400000005,228,3.265560500000006,3.538484000000086,0.979163999999999,-1.5542166891593858,2.3511033343035708,2.4817293977633055,1.38038490524991,19,28.5,113,115,0.5579662944793782
55,24,0.75,4,3,2.0,8,8,1.0,30.43956000000032,338,3.80494500000004,4.312205000000091,1.4620100000000136,-1.9226229818906437,1.9606277354095056,2.0998623647414005,1.3731835504266452,34,42.25,170,168,0.557493963878089
50,28,0.75,3,3,2.2,8,8,1.0,31.463384000000282,335,3.9329230000000353,3.8630920000000457,1.1841739999999934,-1.80361379354324,1.9334730280438701,1.9776512225283773,1.2902188085131379,29,41.875,169,166,0.5572520247750039
60,24,0.75,4,3,2.2,8,8,1.0,31.877552000000442,335,3.9846940000000552,4.3859520000000485,1.0138119999999917,-1.9692275042072664,1.9249176645112354,2.022394284511609,1.2716800120054428,35,41.875,162,173,0.5568077661847448
50,20,0.75,4,3,2.2,8,8,1.0,31.436950000000042,321,3.9296187500000053,4.3180540000000605,0.5005359999999737,-1.969328507318249,2.055241697605034,2.1746429191541403,1.1244204487265508,30,40.125,164,157,0.5557808227927226
55,24,0.8,4,3,2.0,8,8,1.0,22.942800000000155,235,2.8678500000000193,2.621730000000033,1.6878399999999516,-1.7200533290378028,2.2794308366699605,2.006310658388796,1.5920135644831994,20,29.375,120,115,0.5550873177676376
50,24,0.75,3,3,2.0,8,8,1.0,29.861380000000203,321,3.7326725000000254,3.707415000000025,0.8324999999999916,-1.7613075379361383,2.0578529906917407,1.9363405617670308,1.2204912518605908,30,40.125,164,157,0.5548859369193307
50,24,0.75,4,4,2.2,8,8,1.0,27.969884000000043,274,3.4962355000000054,3.418496000000093,1.0475859999999892,-1.7619028842321613,2.114964572114866,2.126205504698396,1.3003030016368369,28,34.25,153,121,0.5538378992500562
60,28,0.75,3,3,2.4,8,8,1.0,31.19787600000021,332,3.8997345000000263,3.9746360000000758,1.1158059999999859,-1.9426441141685729,1.9114330222000189,1.8549901977138572,1.2547124285208804,33,41.5,159,173,0.5530389626799941
50,20,0.8,4,3,2.2,8,8,1.0,27.39599200000007,259,3.424499000000009,3.484484000000032,0.7348640000000017,-2.0458433068799824,2.190037773157223,2.1884595437087464,1.2607343069215602,23,32.375,124,135,0.5524370144003239
55,24,0.75,4,3,2.4,8,8,1.0,31.371290000000204,338,3.9214112500000256,4.58187800000005,1.2690819999999992,-2.407717020481679,1.8986833272155308,2.0509679481560785,1.2702065914225042,34,42.25,170,168,0.551346182415269
55,24,0.75,3,3,2.2,8,8,1.0,30.633614000000307,325,3.8292017500000384,4.523821000000094,0.8848519999999693,-2.011623302188872,1.9548270731556854,2.1077934246261014,1.2119796944586154,32,40.625,164,161,0.5510384774251857
50,24,0.75,4,4,2.0,8,8,1.0,27.246679999999948,274,3.4058349999999935,3.438675000000002,0.7007200000000102,-1.614522241379961,2.1695296550020124,2.1842200380300882,1.2049248406153201,28,34.25,153,121,0.5507759151678134
60,28,0.75,3,3,2.0,8,8,1.0,29.450910000000263,332,3.681363750000033,4.2125550000000285,0.8155299999999865,-1.6674474080941268,1.9403733781753805,1.8613680462843374,1.2191878388148358,33,41.5,159,173,0.5478898579208928
50,28,0.75,3,3,2.0,8,8,1.0,29.601390000000237,335,3.7001737500000296,3.663695,0.9468799999999833,-1.8118257455868179,1.925991021683709,1.8467495092756774,1.2385725155834966,29,41.875,169,166,0.5477885354795922
55,28,0.75,4,3,2.0,8,8,1.0,29.12003000000032,349,3.64000375000004,3.6957250000000053,1.4986000000000166,-2.0334691144379398,1.8535505496855817,1.8489318111142703,1.3937094757195785,33,43.625,172,177,0.5474586734408737
55,20,0.8,4,3,2.2,8,8,1.0,25.74395000000027,267,3.217993750000034,3.3643390000000384,1.3247879999999546,-2.0458433068799824,2.0554685792429286,2.0683594988574026,1.4511022276098196,23,33.375,134,133,0.5471281140321403
55,24,0.75,3,3,2.4,8,8,1.0,30.288220000000265,325,3.786027500000033,4.57667799999999,1.1318820000000063,-2.539935669652307,1.9112508244022446,2.113547352625357,1.2409946537044,32,40.625,164,161,0.5460834740200277
55,24,0.8,3,3,2.2,8,8,1.0,23.00408800000018,224,2.8755110000000226,2.67944300000007,1.8564499999999429,-1.6856801295075645,2.2253733441736223,2.0371487018837056,1.6694363776865877,18,28.0,115,109,0.5458830516686075
50,24,0.75,4,4,2.4,8,8,1.0,26.443656000000047,274,3.305457000000006,3.1896660000000576,1.489041999999996,-1.6354645210477667,1.9466998290240747,1.9568311437023813,1.4268516209297515,28,34.25,153,121,0.5453954436831552
50,24,0.8,4,3,2.0,8,8,1.0,23.6497300000001,228,2.9562162500000126,2.9691700000000654,0.9065200000000218,-1.4638005473201232,2.276455902276216,2.243721979896426,1.3680851063829678,19,28.5,113,115,0.5449136841325294
50,20,0.75,4,3,2.0,8,8,1.0,28.682940000000155,321,3.5853675000000194,3.6655000000000104,0.7098999999999744,-2.078646969658827,1.9900315733947003,2.0158517117879207,1.188483371300816,30,40.125,164,157,0.5442087036734742
50,28,0.8,4,3,2.2,8,8,1.0,25.473038000000024,252,3.184129750000003,3.418110000000052,0.7304699999999942,-1.656435807998684,2.130780703980808,2.2053718173256573,1.250129011965954,21,31.5,127,125,0.5437859091376853
60,24,0.75,4,3,2.0,8,8,1.0,29.127940000000343,335,3.640992500000043,4.006955000000012,0.9253399999999967,-2.0133609663773133,1.885430198094944,1.9492469274958482,1.2580121681230796,35,41.875,162,173,0.5437549667977851
55,20,0.85,4,3,2.2,8,8,1.0,22.389238000000145,206,2.798654750000018,2.665230999999979,2.2178080000000655,-1.6856801295075645,2.2639480464753037,2.2617399015945807,1.696200075967116,17,25.75,100,106,0.5415766472149126
50,24,0.8,4,3,2.4,8,8,1.0,23.505456000000137,228,2.938182000000017,2.8641380000000494,1.3258280000000289,-1.760282151658481,2.129552490628369,2.0981400970434096,1.5150566791238922,19,28.5,113,115,0.5414239409380822
50,20,0.75,3,3,2.2,8,8,1.0,28.508224000000126,304,3.563528000000016,3.347285000000033,0.2839759999999858,-1.969328507318249,2.0289323840383546,1.9104216470327762,1.0669833706805014,28,38.0,157,147,0.541185151492547
55,28,0.75,3,3,2.2,8,8,1.0,28.06304000000035,333,3.5078800000000436,3.650238000000039,1.3126740000000137,-1.6388442151476679,1.8111967837986978,1.8385389445451916,1.335062409066546,29,41.625,164,169,0.5410045144768597
55,24,0.75,3,3,2.0,8,8,1.0,27.84659000000029,325,3.4808237500000363,4.036880000000076,1.040069999999993,-2.0295241865901743,1.901093641828622,2.0395178948397374,1.2654817787102937,32,40.625,164,161,0.539951044806893
55,28,0.75,4,3,2.4,8,8,1.0,29.77333400000026,349,3.7216667500000327,3.585654000000005,1.0346940000000027,-2.1921398854411045,1.7881039065206443,1.792189927091584,1.2201603070814706,33,43.625,172,177,0.5389009106820865
60,24,0.75,3,3,2.2,8,8,1.0,28.931620000000425,322,3.616452500000053,4.245582000000048,0.545678000000005,-1.8408609000956297,1.872709888449946,1.9953144206127347,1.1462300757843724,33,40.25,156,166,0.5387739679533956
60,24,0.75,4,3,2.4,8,8,1.0,29.406802000000276,335,3.6758502500000345,4.159923000000044,1.2890260000000042,-2.7329322359011163,1.8062068050676163,1.8656429063166073,1.2780980119305723,35,41.875,162,173,0.5380451070510992
50,20,0.75,4,3,2.4,8,8,1.0,28.13879600000013,320,3.5173495000000163,3.894502000000044,0.9408520000000031,-1.9081082198539725,1.840147682928028,1.947848065147444,1.233871745539323,30,40.0,163,157,0.5373421978687051
50,28,0.8,4,3,2.0,8,8,1.0,23.690430000000017,252,2.961303750000002,2.8168750000000187,0.6817099999999909,-1.692213668693664,2.0941406382347454,2.0000212366481027,1.2806811678339127,21,31.5,127,125,0.5363123227816257
50,20,0.8,4,3,2.0,8,8,1.0,24.439400000000088,259,3.054925000000011,3.1041600000000447,0.6622200000000023,-2.1064610195790956,2.0954821458949286,2.077949201493627,1.2446233977318801,23,32.375,124,135,0.5356744881061265
60,20,0.75,4,3,2.2,8,8,1.0,29.583112000000366,319,3.6978890000000457,3.8519470000001,0.11493000000000198,-2.6073061087655502,1.911674272316551,1.93332655280905,1.0257806191117091,31,39.875,157,162,0.5345150778364696
50,28,0.75,4,4,2.2,8,8,1.0,25.08470200000008,286,3.13558775000001,2.8738510000000717,1.2215900000000168,-1.7985548239053122,1.8718911439651444,1.8564209263982527,1.3795808915376748,27,35.75,158,128,0.533852651240238
50,20,0.8,3,3,2.2,8,8,1.0,24.439182000000102,245,3.0548977500000127,3.029648000000096,0.38629399999998704,-2.0458433068799824,2.123747389570854,1.9997487350878806,1.121974354359474,21,30.625,119,126,0.5324840596185222
55,20,0.8,3,3,2.2,8,8,1.0,22.92153400000032,255,2.86519175000004,2.737650000000047,1.3247879999999546,-2.0458433068799824,1.951801013349875,1.8812577735045743,1.4511022276098196,21,31.875,129,126,0.5313606757374879
60,24,0.75,3,3,2.4,8,8,1.0,27.956720000000313,322,3.494590000000039,4.252638000000042,0.9636159999999894,-2.864684334072483,1.8060012462588975,1.9339204768506235,1.2484981068573822,33,40.25,156,166,0.5307542649168789
50,20,0.75,3,3,2.4,8,8,1.0,26.68443600000017,303,3.335554500000021,3.8140140000000655,0.724291999999993,-1.9081082198539725,1.8653247953518923,1.9159194520469338,1.1708437315721099,28,37.875,156,147,0.5306260829312098
55,28,0.75,3,3,2.0,8,8,1.0,26.04083000000026,333,3.2551037500000324,3.4833750000000108,1.076659999999996,-1.6847373296024548,1.7978513652564705,1.800479304843332,1.2828581637049505,29,41.625,164,169,0.5304363206630102
55,28,0.75,3,3,2.4,8,8,1.0,28.025990000000302,333,3.5032487500000378,3.4684469999999967,0.8974940000000098,-2.3249580083694243,1.785224941853774,1.859795359841675,1.190967140665528,29,41.625,164,169,0.5303726051774639
60,28,0.75,4,4,2.4,8,8,1.0,26.48274000000006,281,3.3103425000000075,2.9484440000000056,0.048872000000055316,-2.103542246450033,2.020717439421018,1.8043019897040722,1.0135973112535763,29,35.125,147,134,0.530372328188944
55,20,0.8,4,3,2.0,8,8,1.0,22.776190000000216,267,2.847023750000027,3.013025000000036,1.184119999999944,-2.1064610195790956,1.9739420797827933,1.9186507798578496,1.4190922475791163,23,33.375,134,133,0.5303392012944097
50,20,0.75,3,3,2.0,8,8,1.0,25.856540000000106,304,3.232067500000013,2.9535700000000165,0.49333999999996436,-2.078646969658827,1.9684701199665844,1.8202717574633693,1.1238632768758665,28,38.0,157,147,0.5299468272250701
50,20,0.8,4,4,2.2,8,8,1.0,20.977485999999935,208,2.622185749999992,2.2545910000000613,0.6733219999999873,-1.8544653750337825,2.2161860454126874,1.8993339183805213,1.2368641936221438,21,26.0,112,96,0.529677115640351
50,20,0.8,4,3,2.4,8,8,1.0,23.673684000000183,258,2.959210500000023,3.1326610000000477,1.0815280000000316,-1.985225594180898,1.9089292387560004,1.9668446833025564,1.3837328451199864,23,32.25,123,135,0.5296459627716956
50,20,0.8,4,4,2.0,8,8,1.0,19.910099999999954,208,2.488762499999994,2.351555000000072,0.5952800000000202,-1.4942439652551571,2.2443641235502927,2.002516133042757,1.2532847709170172,21,26.0,112,96,0.5295412521879194
50,24,0.8,3,3,2.2,8,8,1.0,23.578698000000095,215,2.947337250000012,3.117558000000087,0.6305939999999843,-1.5542166891593858,2.2999562476087507,2.386072753092831,1.2157566094480803,17,26.875,108,107,0.5292771108125642
50,28,0.75,4,4,2.4,8,8,1.0,23.54049200000008,286,2.94256150000001,2.738906000000041,1.6579400000000355,-1.7909464022344608,1.7867339415801764,1.7819163069122435,1.4951556954855925,27,35.75,158,128,0.5284650378872605
55,24,0.8,3,3,2.0,8,8,1.0,20.518610000000148,224,2.5648262500000185,2.4556050000000385,1.5998599999999863,-1.7200533290378028,2.1521310611822084,1.993941244749035,1.5536039309318652,18,28.0,115,109,0.5280952311511966
55,20,0.75,4,3,2.2,8,8,1.0,27.59977800000022,321,3.4499722500000276,3.940439000000051,0.3170719999999738,-2.3041201997363365,1.8638711129551604,1.9342760047551553,1.0696821720077498,31,40.125,160,161,0.5279594090293872
50,28,0.75,4,4,2.0,8,8,1.0,24.40684000000004,286,3.050855000000005,2.811964999999994,0.7852400000000204,-1.80622816661856,1.9114069205991426,1.9929780233609153,1.243995202376449,27,35.75,158,128,0.5278246632919225
60,24,0.75,3,3,2.0,8,8,1.0,26.54980000000031,322,3.318725000000039,3.8802550000000213,0.5033999999999761,-1.9639053266950004,1.8428655735944763,1.93091552891464,1.1403628130559098,33,40.25,156,166,0.5275000145684865
55,24,0.85,4,3,2.2,8,8,1.0,20.48100000000006,180,2.5601250000000073,2.5951129999999822,1.4307839999999628,-1.9388655163197501,2.3381406325979226,2.1629367337116205,1.702891082104762,15,22.5,87,93,0.5271320973324881
55,24,0.8,4,3,2.4,8,8,1.0,21.973618000000126,235,2.7467022500000158,2.5949840000000224,0.8510919999999755,-1.824034205245915,2.076686916920255,1.9086116310077543,1.2467863252819844,20,29.375,120,115,0.5269866953310631
60,28,0.8,4,3,2.2,8,8,1.0,23.126560000000353,248,2.890820000000044,2.4766650000000556,1.5071600000000407,-2.7410896610348408,1.8998533689497243,1.7926810883654898,1.4737926320067964,20,31.0,124,124,0.5269635254225853
60,24,0.8,4,3,2.2,8,8,1.0,24.04207000000045,233,3.0052587500000563,2.8583330000000684,1.175646000000019,-2.116594217580301,2.0983274731749253,2.0128684124235168,1.4338744805974848,17,29.125,115,118,0.5268461442947459
60,20,0.75,4,3,2.4,8,8,1.0,27.547804000000344,318,3.443475500000043,3.683102000000049,0.5615600000000054,-2.4682944271690217,1.7949142285326818,1.8955914641116758,1.125966801256161,31,39.75,156,162,0.5257471763410367
50,28,0.8,3,3,2.2,8,8,1.0,23.44304200000007,238,2.9303802500000087,2.674239000000078,0.3818999999999795,-1.656435807998684,2.107637113411852,2.091556792652072,1.132205713336192,19,29.75,121,117,0.5252993126640472
50,28,0.8,4,3,2.4,8,8,1.0,22.41294000000005,252,2.801617500000006,3.12335900000007,1.0532499999999834,-1.734831144895615,1.8863090678430223,1.9705977290717698,1.3738986664588286,21,31.5,127,125,0.5246457693260264
60,20,0.75,3,3,2.2,8,8,1.0,27.118476000000392,305,3.389809500000049,3.499069000000099,0.05015200000002551,-2.475991730924429,1.881666828622454,1.8875468066153425,1.011593184450265,29,38.125,151,154,0.5238613951545126
55,24,0.8,4,4,2.2,8,8,1.0,21.29225600000013,190,2.661532000000016,2.3745980000000277,0.0766359999999855,-1.2399764283690486,2.477264019954062,2.3271380688999157,1.0335416666666695,17,23.75,110,80,0.5238509455225252
50,24,0.8,3,3,2.4,8,8,1.0,22.531376000000105,215,2.816422000000013,2.9395810000000466,0.9772580000000142,-1.7557607728896922,2.204931805912917,2.121167588173024,1.3118333836401976,17,26.875,108,107,0.5234337817768057
60,20,0.75,3,3,2.4,8,8,1.0,26.58871400000027,304,3.3235892500000337,3.64120400000002,0.47707399999998845,-2.726399791637566,1.824755243038982,1.924901787918107,1.1102808836821096,29,38.0,150,154,0.5217246760410467
60,20,0.75,4,3,2.0,8,8,1.0,26.584160000000367,319,3.323020000000046,3.36967000000008,0.043959999999998445,-2.3725904148338675,1.8536989488805728,1.8377644262656723,1.0101929613845326,31,39.875,157,162,0.520920313825242
60,20,0.8,4,3,2.2,8,8,1.0,24.039918000000537,263,3.004989750000067,3.277757000000081,0.4987640000000404,-2.338746200938368,1.9025134642591994,1.894994699735438,1.1801053699684747,21,32.875,128,135,0.5207858495070091
55,20,0.8,4,4,2.2,8,8,1.0,21.28439600000014,217,2.6605495000000174,2.6961800000000813,0.286519999999979,-1.708386634870046,2.094910336645408,2.0562285867145382,1.1152562008737135,20,27.125,121,96,0.5206303166928692
50,24,0.8,4,4,2.2,8,8,1.0,19.969654000000038,184,2.4962067500000047,2.546426000000046,0.6569559999999974,-1.6118086705025212,2.318901854495067,2.386784795363101,1.3056888930249888,17,23.0,104,80,0.5199998075932404
60,24,0.8,3,3,2.2,8,8,1.0,22.415046000000395,224,2.8018807500000493,2.849278000000066,1.175646000000019,-2.116594217580301,2.1092238386952022,1.9179198297386617,1.3966961955919277,17,28.0,110,114,0.5198024911705371
55,20,0.85,4,3,2.0,8,8,1.0,19.55150000000023,206,2.443937500000029,2.474450000000028,1.7065900000000633,-1.7200533290378028,2.1715672029104187,2.074844241802448,1.5357217972181203,17,25.75,100,106,0.5197250903890577
55,20,0.75,4,3,2.0,8,8,1.0,25.05793000000025,321,3.1322412500000314,3.412415000000102,0.4915399999999792,-1.9840034984582307,1.8105509789008658,1.8383411971544246,1.114479353471356,31,40.125,160,161,0.5191539430916073
55,28,0.8,4,3,2.2,8,8,1.0,21.7002680000002,254,2.712533500000025,2.2553220000000596,1.5214279999999913,-2.7259484220828285,1.861321943591583,1.734856160083257,1.449140643911883,20,31.75,126,128,0.5187779858256412
50,20,0.8,3,3,2.4,8,8,1.0,22.249396000000175,244,2.781174500000022,3.083309000000045,0.7329580000000169,-1.985225594180898,1.9239778246074866,1.971240737988786,1.2225011907564385,21,30.5,118,126,0.5186080458897281
50,20,0.75,4,4,2.2,8,8,1.0,23.36319199999994,258,2.9203989999999926,2.855689000000061,0.3661279999999767,-1.9775621821709026,1.9254062234766134,1.9065315204596867,1.102879044177563,26,32.25,141,117,0.5181096320300784
55,20,0.75,4,3,2.4,8,8,1.0,25.388976000000227,320,3.1736220000000284,3.5277760000000047,0.7922839999999987,-2.152657981129768,1.7336520094043189,1.7748423756415224,1.174118402025368,31,40.0,159,161,0.5180927066455827
50,20,0.75,4,4,2.0,8,8,1.0,22.385620000000017,258,2.798202500000002,2.606280000000072,0.37242000000001774,-1.6168897171836363,1.9416101763962,1.866714192130698,1.1271926229508276,26,32.25,141,117,0.518029840151925
55,20,0.75,3,3,2.2,8,8,1.0,25.228374000000244,306,3.1535467500000305,3.6612330000000304,0.25229399999997515,-2.1728058218952153,1.8165029731061781,1.9241092215694904,1.057102699032419,29,38.25,154,152,0.5168516300071306
55,24,0.85,4,3,2.0,8,8,1.0,18.066160000000142,180,2.2582700000000178,2.151965,1.6062300000000196,-1.9484664504113434,2.250885314054274,1.9572349722483011,1.7773139952250459,15,22.5,87,93,0.5166425932596594
50,28,0.8,3,3,2.4,8,8,1.0,21.954650000000008,238,2.744331250000001,3.1631230000000676,0.7046799999999687,-1.7304394023869796,1.9636710572010925,2.089310941708322,1.243945331431648,19,29.75,121,117,0.5166191066053857
50,28,0.8,3,3,2.0,8,8,1.0,21.66542000000007,238,2.7081775000000086,2.1853550000000665,0.33313999999997623,-1.692213668693664,2.0749326566619803,1.9429790914033411,1.1199493040103001,19,29.75,121,117,0.516328861650043
50,24,0.8,3,3,2.0,8,8,1.0,21.108930000000072,215,2.638616250000009,2.6011750000000666,0.557950000000007,-1.4638005473201232,2.2290692796927263,2.189937080573275,1.198461959827404,17,26.875,108,107,0.5162314271411322
50,20,0.8,3,3,2.0,8,8,1.0,21.526760000000113,245,2.690845000000014,2.7254000000000556,0.31364999999998755,-2.1064610195790956,2.033166766658545,1.9379134780378675,1.1026452463780345,21,30.625,119,126,0.5159571930901536
55,20,0.8,4,3,2.4,8,8,1.0,22.632910000000273,266,2.829113750000034,3.1450260000000285,0.6170420000000121,-1.985225594180898,1.8762744961342692,1.8379621144246214,1.1452290673727614,23,33.25,133,133,0.5145701720307204
55,20,0.8,4,4,2.0,8,8,1.0,20.116240000000097,217,2.514530000000012,2.4495650000000646,0.012659999999997673,-1.363205494315527,2.1133886953033114,2.0149202112429,1.0050926410130618,20,27.125,121,96,0.5144930129341108
60,28,0.75,4,4,2.2,8,7,0.875,27.93730400000036,281,3.492163000000045,3.2837950000000893,-0.27805399999996094,-1.524296435459215,2.103965449294913,1.871276964374755,0.922639000178073,29,35.125,147,134,0.5142472402945738
55,20,0.85,3,3,2.2,8,8,1.0,19.914772000000134,195,2.489346500000017,2.44760599999998,1.9269679999999845,-1.6856801295075645,2.131732922839174,2.1597396855396642,1.6551215581748702,15,24.375,96,99,0.5140435028214162
55,20,0.8,3,3,2.0,8,8,1.0,19.98016000000018,255,2.4975200000000224,2.452405000000013,1.184119999999944,-2.1064610195790956,1.8660071064619448,1.8273191389866896,1.4056358435189642,21,31.875,129,126,0.513919083965961
55,20,0.75,3,3,2.4,8,8,1.0,24.5481700000002,305,3.068521250000025,3.5109750000000273,0.7077979999999817,-2.665876349715359,1.7548837341094945,1.8158150663965476,1.16019872121314,29,38.125,153,152,0.5128783913054243
50,24,0.8,4,4,2.0,8,8,1.0,18.659729999999985,184,2.332466249999998,2.3683900000000313,0.38186000000002274,-1.2515028487056208,2.340468741821834,2.4519882148240457,1.1776836815411151,17,23.0,104,80,0.5128472576092082
60,20,0.8,3,3,2.2,8,8,1.0,22.001870000000558,253,2.7502337500000698,2.9532520000000617,0.4987640000000404,-2.338746200938368,1.892573538268807,1.8312486166216453,1.1801053699684747,21,31.625,123,130,0.5126461732074896
55,24,0.8,3,3,2.4,8,8,1.0,21.151716000000164,224,2.6439645000000205,2.550268000000022,0.7138919999999827,-1.9575949058780906,2.0868732154545033,1.9499165990772065,1.2070032186041064,18,28.0,115,109,0.5121547499874997
60,28,0.8,4,3,2.0,8,8,1.0,21.098610000000217,248,2.637326250000027,2.287380000000039,1.0817399999999866,-2.7410896610348408,1.8630759567770818,1.7772057586243428,1.333093153013338,20,31.0,124,124,0.5118918631542143
60,20,0.85,4,3,2.2,8,8,1.0,19.853650000000364,200,2.4817062500000455,2.4931330000000473,1.2578519999999926,-2.116594217580301,2.2320192222707407,2.0969072357886427,1.3419832468305664,16,25.0,97,103,0.5091485073988595
50,20,0.85,4,3,2.2,8,8,1.0,20.278392000000036,196,2.5347990000000045,2.9632760000000036,0.5052359999999645,-1.40318283462101,2.0738211720913178,2.083658524199368,1.2667631141265692,17,24.5,97,99,0.5083896389965237
60,20,0.8,4,3,2.0,8,8,1.0,21.193010000000424,263,2.649126250000053,2.821255000000089,0.5555100000000035,-2.3643631572482864,1.8353022871180635,1.8055037686150865,1.2116978586699216,21,32.875,128,135,0.5078850004164602
55,20,0.75,3,3,2.0,8,8,1.0,22.732620000000225,306,2.841577500000028,3.2299900000000936,0.4464699999999766,-1.9840034984582307,1.7610765870389327,1.8288237799829417,1.1072809363503677,29,38.25,154,152,0.5076723743136711
55,28,0.8,4,3,2.0,8,8,1.0,20.03009000000018,254,2.5037612500000224,2.4680450000000187,1.2194599999999722,-2.7259484220828285,1.833194373572927,1.8868545054945873,1.3606482713749095,20,31.75,126,128,0.5075687449232292
55,24,0.85,3,3,2.2,8,8,1.0,18.417558000000092,170,2.3021947500000115,2.3148830000000453,1.5464339999999632,-1.9388655163197501,2.2145863105693318,2.0548115199235455,1.8054679361640036,13,21.25,83,87,0.5073195478934284
60,24,0.8,4,3,2.0,8,8,1.0,21.242580000000345,233,2.655322500000043,2.567215000000045,0.8287900000000015,-2.1420893490217274,2.021252734160208,1.9499907991299725,1.2969858926233582,17,29.125,115,118,0.5068913006678373
55,20,0.8,3,3,2.4,8,8,1.0,21.36080000000029,254,2.670100000000036,2.989363000000045,0.4383519999999752,-2.225826068066061,1.859717655101507,1.8624867805992278,1.1156955690923835,21,31.75,128,126,0.5065875751784416
60,28,0.75,4,4,2.0,8,7,0.875,26.628060000000165,281,3.3285075000000206,3.5562200000000987,-0.6049799999999661,-1.5200241718290939,2.11215281428811,2.030183264173853,0.8316806891025715,29,35.125,147,134,0.5061299724193635
60,28,0.8,3,3,2.2,8,8,1.0,20.67830800000032,237,2.58478850000004,2.3046920000000526,1.3103720000000374,-2.3775916918858755,1.852585677783013,1.7546236266683186,1.435579327248763,18,29.625,118,119,0.505708153519673
55,28,0.85,4,3,2.2,8,8,1.0,19.477380000000124,206,2.4346725000000156,2.465043999999983,0.916003999999937,-2.214810158202584,2.0899021363868537,2.095985510513976,1.415317721203325,16,25.75,102,104,0.5030739398764633
60,24,0.8,3,3,2.0,8,8,1.0,19.8469600000003,224,2.4808700000000377,2.5404000000000426,0.8287900000000015,-2.1420893490217274,2.0549578253082257,1.8796138093984145,1.2637321485813207,17,28.0,110,114,0.5020128304635566
50,28,0.75,3,4,2.4,8,8,1.0,21.2381920000001,274,2.6547740000000126,2.5070610000000437,0.36737200000001025,-1.7909464022344608,1.7218989055288976,1.7396765082630845,1.114152368049824,26,34.25,152,122,0.501349527987266
50,28,0.75,3,4,2.2,8,8,1.0,21.718746000000078,274,2.7148432500000097,2.7447560000000593,0.04523600000001515,-1.7985548239053122,1.7552033656834194,1.7373499223038396,1.014056042706313,26,34.25,152,122,0.5007749333728971
60,20,0.8,3,3,2.0,8,8,1.0,19.425550000000392,253,2.428193750000049,2.4400700000000386,0.5555100000000035,-2.3643631572482864,1.8434826944358615,1.6979887678957704,1.1605960670017998,21,31.625,123,130,0.49962197411562514
50,20,0.75,4,4,2.4,8,8,1.0,19.958272000000022,258,2.4947840000000028,2.129377000000021,0.7483960000000289,-1.846937703752713,1.7014537242313112,1.597294585999438,1.210293299464424,26,32.25,141,117,0.49909324967137897
55,28,0.8,3,3,2.2,8,8,1.0,19.96496400000025,243,2.4956205000000313,2.1148550000000266,1.3246400000000103,-2.7259484220828285,1.8194938809333863,1.7109088327348032,1.3910468734316948,18,30.375,121,122,0.49785544187352393
55,24,0.8,4,4,2.4,8,8,1.0,18.019684000000048,190,2.252460500000006,2.394941999999989,0.31131200000003023,-1.6762385124885684,2.183532189801542,2.2069551255758277,1.1068440623167177,17,23.75,110,80,0.49764299442030313
60,20,0.8,4,3,2.4,8,8,1.0,20.90207600000038,262,2.6127595000000476,2.7819310000000486,0.2479379999999809,-2.313147519396932,1.754953835306991,1.7630924798296157,1.0585185901989849,21,32.75,127,135,0.49690548277632574
60,28,0.75,3,4,2.2,8,7,0.875,25.491974000000326,271,3.1864967500000407,2.9048650000000342,-0.7909139999999648,-1.5865454464147974,2.034887404021709,1.7566075276316686,0.7799495860042801,28,33.875,143,128,0.4956045289091839
55,24,0.75,4,4,2.2,8,7,0.875,25.782214000000238,277,3.2227767500000297,3.5696460000000596,-0.5938299999999841,-1.8153821409393534,1.983234424490877,2.186182035220161,0.8398322342247583,27,34.625,154,123,0.4953614023888383
50,20,0.8,4,4,2.4,8,8,1.0,17.430954000000007,208,2.178869250000001,1.9124280000000327,0.3186159999999827,-1.7503119283836717,1.8841712918791338,1.7176375412644846,1.0951251552498267,21,26.0,112,96,0.4946280886620314
55,28,0.85,4,3,2.0,8,8,1.0,17.76446000000014,206,2.2205575000000173,2.311995,0.8826099999999837,-2.214810158202584,2.0408079033545667,2.0761626101579242,1.4214524808877633,16,25.75,102,104,0.4944411686122266
60,28,0.75,3,4,2.4,8,7,0.875,25.164182000000057,271,3.145522750000007,3.0411590000000044,-0.5142479999999505,-2.1196647708578435,2.0043919801844314,1.8875376857467896,0.8569244123931731,28,33.875,143,128,0.49326393415065956
60,24,0.75,4,4,2.2,8,7,0.875,25.535596000000304,268,3.191949500000038,3.712115000000016,-0.654779999999966,-1.7973864754825029,1.9780579130109928,2.241785194594299,0.8112514629323291,30,33.5,145,123,0.49312450679043146
60,28,0.8,3,3,2.0,8,8,1.0,18.969270000000193,237,2.371158750000024,2.131950000000038,0.9184199999999754,-2.3775916918858755,1.8315987327622603,1.69822830714523,1.2989136459372561,18,29.625,118,119,0.49278328651617465
50,24,0.8,4,4,2.4,8,8,1.0,17.440800000000035,184,2.1801000000000044,2.0842620000000367,0.3186159999999827,-1.6769017520429572,2.1119054042516407,1.9922423660677526,1.0951251552498267,17,23.0,104,80,0.4914187676623604
55,20,0.85,3,3,2.0,8,8,1.0,17.06997000000021,195,2.1337462500000264,2.075000000000027,1.4643900000000043,-1.7200533290378028,2.0217983643247006,1.9950326636515054,1.4978564556213194,15,24.375,96,99,0.4914162972958997
50,24,0.75,3,4,2.2,8,7,0.875,24.19290400000005,261,3.024113000000006,3.1451850000000614,-0.4386460000000092,-1.7619028842321613,1.9822939613538508,2.002202519941706,0.8717184301339431,26,32.625,147,114,0.49089731085188965
60,20,0.85,4,3,2.0,8,8,1.0,16.883470000000344,200,2.110433750000043,1.985260000000022,0.7873099999999855,-2.1420893490217274,2.1943907796484035,1.896189029074313,1.214052869544409,16,25.0,97,103,0.4908842195190893
50,28,0.85,4,3,2.2,8,8,1.0,20.26296399999996,202,2.532870499999995,2.6817669999999683,0.1857859999999878,-1.9588820400317353,2.1197460426836447,2.1692235314176216,1.089011647127036,15,25.25,95,107,0.4907394728191049
55,24,0.85,3,3,2.0,8,8,1.0,15.956470000000134,170,1.9945587500000168,1.961965000000021,1.434930000000012,-1.9484664504113434,2.1050859958831825,1.8604442389450844,1.7500527124311025,13,21.25,83,87,0.4903508385393471
55,24,0.8,4,4,2.0,8,7,0.875,19.9052900000001,190,2.4881612500000125,2.2408400000000217,-0.15803999999999263,-1.1531901429171556,2.4831210979175453,2.3569107309888997,0.9308298319327786,17,23.75,110,80,0.490268134958603
60,28,0.8,4,3,2.4,8,8,1.0,19.90884800000019,248,2.488606000000024,2.328897000000041,0.16367999999997718,-2.7410896610348408,1.750990850884843,1.7568575414666125,1.0430017129225766,20,31.0,124,124,0.4902223427559717
60,28,0.75,3,4,2.0,8,7,0.875,24.454820000000154,271,3.0568525000000193,3.2196650000000604,-1.067579999999968,-1.6830050615169079,2.0469779109455537,1.9540082722673198,0.702974759615389,28,33.875,143,128,0.4887584356243093
50,28,0.8,4,4,2.0,8,8,1.0,18.110819999999997,204,2.2638524999999996,2.239995000000028,0.5101699999999987,-1.790372505299321,2.0209517028489747,2.105491000539909,1.21728973904948,16,25.5,115,89,0.48870288717793137
55,28,0.75,4,4,2.2,8,7,0.875,24.60275600000028,285,3.075344500000035,3.143195000000132,-0.5128819999999701,-1.536445928751405,1.8868689519198818,1.9272012886752328,0.8607229949544651,28,35.625,157,128,0.4883504727504167
55,20,0.85,4,4,2.2,8,8,1.0,16.374632000000155,163,2.0468290000000193,2.3827940000000547,0.09203199999998635,-1.3239004192228576,2.230685897268645,2.301926358852382,1.0418843211410351,16,20.375,88,75,0.48799503561296004
60,24,0.8,4,3,2.4,8,8,1.0,20.645408000000252,233,2.5806760000000315,2.6288060000000613,0.07326999999996975,-2.362723421025044,1.9321606087633674,1.8441236838726092,1.0188027520228229,17,29.125,115,118,0.4879668034139571
50,24,0.75,3,4,2.0,8,7,0.875,23.55713999999997,261,2.944642499999996,3.1492850000000017,-0.7332599999999911,-1.6903503144320333,2.0316958813906076,2.0866393383046766,0.7855588699771918,26,32.625,147,114,0.4878946722964578
50,28,0.8,4,4,2.2,8,8,1.0,19.051750000000013,204,2.3814687500000016,2.1875110000000086,0.2917520000000007,-1.7853738929971652,2.006689438275922,1.9558680752306838,1.1225694240221848,16,25.5,115,89,0.48775444190969774
50,24,0.75,3,4,2.4,8,7,0.875,23.691148000000062,261,2.961393500000008,3.0010030000000465,-0.14403199999998284,-1.7714555428471896,1.8830842537697299,1.9460065962432327,0.9578779902907008,26,32.625,147,114,0.48745385958587883
60,20,0.75,3,3,2.0,8,7,0.875,24.4776200000003,305,3.0597025000000375,3.067235000000068,-0.0011100000000152654,-2.241211650383442,1.8349627316342412,1.8414663772588842,0.9997344986689018,29,38.125,151,154,0.48732253327655206
55,28,0.8,3,3,2.0,8,8,1.0,18.243540000000145,243,2.280442500000018,2.2116550000000124,1.1084599999999778,-2.7259484220828285,1.785898990015394,1.8046559938034406,1.3278206606926275,18,30.375,121,122,0.4871913088180613
55,24,0.75,4,4,2.4,8,7,0.875,24.045280000000137,277,3.005660000000017,2.9158080000001196,-0.285309999999972,-1.7911328113619847,1.870808335528492,1.9120479198168732,0.9230462165041685,27,34.625,154,123,0.48667640137978196
60,20,0.85,3,3,2.2,8,8,1.0,17.299812000000372,191,2.1624765000000465,2.0931720000000764,0.7227279999999947,-2.116594217580301,2.0800602076226484,1.9644396808882059,1.1964943952192795,16,23.875,93,98,0.48615411010200354
55,24,0.75,4,4,2.0,8,7,0.875,24.069810000000114,277,3.0087262500000143,3.468585000000024,-0.9023499999999962,-1.8397703768778508,1.967069707345779,2.148889369070167,0.7566182519453578,27,34.625,154,123,0.48468115106071447
55,28,0.8,4,3,2.4,8,8,1.0,18.406394000000148,254,2.3007992500000185,2.153503999999995,0.35969199999996704,-2.7259484220828285,1.6978048867141309,1.6605932600379958,1.0912900687799718,20,31.75,126,128,0.4839360824764919
55,28,0.85,4,4,2.2,8,8,1.0,16.38121200000011,166,2.047651500000014,1.934451000000048,0.45082599999999307,-1.130402904457335,2.2715225069559555,2.317498760032291,1.2359591962776355,13,20.75,95,71,0.48379202367661694
50,24,0.85,4,3,2.2,8,8,1.0,17.81152599999998,170,2.2264407499999974,2.278848,0.5052359999999645,-1.656435807998684,2.0824795724534013,2.1351327724907883,1.2667631141265692,14,21.25,82,88,0.48330554664773934
60,24,0.75,4,4,2.0,8,7,0.875,23.89839000000017,268,2.987298750000021,3.325290000000003,-0.9342599999999757,-1.7923606329852575,1.9681994733197576,2.194200773492689,0.7306878520406164,30,33.5,145,123,0.48329464708268693
50,28,0.85,4,3,2.0,8,8,1.0,18.501810000000063,202,2.312726250000008,2.487510000000026,0.23317000000002697,-1.9588820400317353,2.070746831778206,2.011870348940974,1.1180087758809987,15,25.25,95,107,0.48284506992399184
55,28,0.75,4,4,2.0,8,7,0.875,23.56512000000017,285,2.9456400000000214,2.916429999999981,-0.826479999999985,-1.5903651089150463,1.9159675225906885,1.987075624326572,0.7755630746837764,28,35.625,157,128,0.4822382735723109
60,24,0.75,4,4,2.4,8,7,0.875,23.735914000000136,268,2.966989250000017,3.0812039999999596,-0.3752999999999562,-2.0782388818348556,1.8582315864300116,1.8070619008967057,0.891815073824044,30,33.5,145,123,0.4822026653652886
50,20,0.85,4,3,2.0,8,8,1.0,16.812610000000117,196,2.1015762500000146,2.419289999999996,0.2653100000000297,-1.4638005473201232,1.9010621968195123,1.8851989755685383,1.140082895535783,17,24.5,97,99,0.48138471042580677
60,24,0.85,4,3,2.2,8,8,1.0,17.55311000000026,174,2.1941387500000324,2.138882000000031,0.9198240000000579,-2.3775916918858755,2.2453306123656214,2.022610012239057,1.3782489007131478,12,21.75,85,89,0.48133269068737866
50,24,0.8,3,4,2.4,8,8,1.0,16.20845000000004,173,2.026056250000005,1.8955990000000478,0.06740400000002644,-1.7871890952906893,2.1551920043158495,2.0779568731368987,1.0313638267181657,16,21.625,99,74,0.48085989530806583
60,28,0.85,4,3,2.2,8,8,1.0,19.04484600000036,205,2.380605750000045,2.185468000000046,1.515508000000021,-2.372955517237955,1.9464772871510185,1.9469163186275436,1.4737926320067964,13,25.625,101,104,0.48082896455163443
55,24,0.85,4,4,2.2,8,8,1.0,15.98147600000015,144,1.9976845000000187,2.1333220000000375,0.07164600000000299,-0.9625900745134018,2.4741329431510906,2.249454686545776,1.040762149676275,12,18.0,81,63,0.4804547177720391
55,28,0.85,3,3,2.2,8,8,1.0,17.423074000000117,197,2.1778842500000146,2.24277500000003,0.916003999999937,-2.214810158202584,1.9816002283906737,2.0022831774213543,1.415317721203325,14,24.625,98,99,0.47995519697665423
55,28,0.75,4,4,2.4,8,7,0.875,22.86413400000014,285,2.8580167500000173,2.731402000000116,-0.19928399999995516,-1.6511112332454823,1.7902950086297849,1.7970096629489478,0.9458829152251599,28,35.625,157,128,0.4798350133742688
60,28,0.8,3,3,2.4,8,8,1.0,19.005326000000224,237,2.375665750000028,2.114092000000045,0.026479999999984294,-2.408374454224315,1.7730543055488788,1.7562619575749094,1.006956777603795,18,29.625,118,119,0.47815908661047507
55,24,0.75,3,4,2.2,8,7,0.875,23.710588000000264,268,2.963823500000033,3.402357000000078,-1.106689999999999,-2.0458043013378746,1.92427158131396,2.097512576515304,0.7015036884195741,26,33.5,150,118,0.47795941009579257
55,28,0.85,4,4,2.0,8,8,1.0,15.638240000000092,166,1.9547800000000115,2.116825000000022,0.21615000000001494,-1.1333834313315714,2.2915387814868993,2.269927283645768,1.113131408293696,13,20.75,95,71,0.47707867824943534
55,24,0.75,3,4,2.4,8,7,0.875,23.14670000000013,268,2.8933375000000163,2.7620350000001292,-0.8484299999999778,-1.9672057366597357,1.879493652280534,1.862890585111887,0.7711615487316469,26,33.5,150,118,0.4767852408799944
50,20,0.85,4,4,2.2,8,8,1.0,15.045179999999991,154,1.880647499999999,1.9886320000000346,0.030523999999965135,-1.2487265123766553,2.218715039766094,1.922588854878366,1.013891657450758,15,19.25,85,69,0.47666721072445173
50,20,0.8,3,4,2.2,8,7,0.875,18.19984599999995,196,2.274980749999994,2.12725300000004,-0.28278600000002374,-1.8544653750337825,2.138580353337109,1.9508769919277245,0.8796778201375139,20,24.5,107,89,0.4760932260971869
55,24,0.8,3,4,2.2,8,7,0.875,19.483260000000122,180,2.4354075000000153,2.49451599999998,-0.4362240000000184,-1.4486499036478402,2.44167105922945,2.365537988268712,0.8090756302520984,16,22.5,106,74,0.47526555365331774
50,20,0.85,3,3,2.2,8,8,1.0,17.726422000000074,184,2.2158027500000093,2.2063250000000534,0.156665999999972,-1.9091481541029482,2.0008249601038792,1.982667193781074,1.0698615842891082,15,23.0,93,91,0.47476405310624387
55,28,0.8,3,3,2.4,8,8,1.0,18.29902800000016,243,2.28737850000002,2.2815020000000685,0.22249199999997415,-2.7259484220828285,1.7418149084777659,1.714167400873654,1.0564686175477702,18,30.375,121,122,0.4743411030153856
60,28,0.85,3,3,2.2,8,8,1.0,17.774908000000345,198,2.221863500000043,2.051567000000054,1.4145699999999817,-2.372955517237955,1.9408150524998204,1.8446025843902716,1.435579327248763,13,24.75,97,101,0.4742550531287531
60,24,0.75,3,4,2.2,8,7,0.875,23.072748000000274,260,2.8840935000000343,3.6013910000000537,-1.167639999999981,-2.106175505697722,1.8952136705868616,2.184804201551448,0.6634131436181601,28,32.5,142,118,0.472289136745582
50,28,0.85,4,4,2.0,8,8,1.0,15.288029999999942,164,1.9110037499999928,2.3482950000000113,0.38186000000002274,-1.7855761366632508,2.223897137485417,2.472189627845718,1.1776836815411151,13,20.5,90,74,0.47170443595259903
50,28,0.75,3,4,2.0,8,7,0.875,21.08914000000005,274,2.6361425000000063,2.804664999999984,-0.27689999999999104,-1.80622816661856,1.7861828959068933,1.8707367631784146,0.9139597173628022,26,34.25,152,122,0.47092066765676416
50,28,0.85,4,3,2.4,8,8,1.0,16.93033600000011,202,2.116292000000014,2.1018850000000366,0.4124220000000456,-1.9588820400317353,1.8836603749354763,1.9623062152673918,1.19759487545575,15,25.25,95,107,0.47078116356484556
55,28,0.85,3,3,2.0,8,8,1.0,15.63920000000012,197,1.954900000000015,2.1811350000000007,0.8826099999999837,-2.214810158202584,1.925752927997869,1.9367856093444136,1.4121898026867876,14,24.625,98,99,0.4703481877163525
50,20,0.75,3,4,2.2,8,7,0.875,20.717561999999933,245,2.5896952499999917,2.330074000000115,-0.46615600000000645,-1.8466441018018496,1.8546878230670643,1.739509460974288,0.8407937158469974,25,30.625,136,109,0.46982377677822357
60,20,0.8,4,4,2.2,8,7,0.875,19.5875640000003,210,2.4484455000000374,2.503789000000123,-0.5943480000000001,-1.8914308443348768,1.9594663793493838,1.9469889023987728,0.8131515824088094,20,26.25,113,97,0.4694955930421484
60,24,0.75,3,4,2.4,8,7,0.875,22.421060000000146,260,2.8026325000000183,2.709520000000032,-0.9384199999999732,-2.0939744148834096,1.8305254770837092,1.7059385344672164,0.7294886799305934,28,32.5,142,118,0.4693149239769927
60,20,0.85,3,3,2.0,8,8,1.0,14.60022000000032,191,1.82502750000004,1.6547850000000364,0.3044699999999789,-2.1420893490217274,2.039119549372083,1.7770380328266977,1.0827789272207704,16,23.875,93,98,0.4693075128123275
55,20,0.8,4,4,2.4,8,7,0.875,18.438734000000135,217,2.304841750000017,2.3821800000000004,-0.1946240000000099,-1.6854009256240199,1.9111458808148707,1.881715549098518,0.9502555923608526,20,27.125,121,96,0.46928576560705804
50,20,0.8,3,4,2.0,8,7,0.875,17.14928999999995,196,2.143661249999994,2.007765000000006,-0.48709999999999587,-1.545761037323548,2.110916612158645,1.8961973667647385,0.7927445707672399,20,24.5,107,89,0.46883664575200396
50,28,0.8,4,4,2.4,8,8,1.0,16.009668000000012,204,2.0012085000000015,1.8640710000000116,0.5564839999999904,-1.7804031146338561,1.7643571284002535,1.6007158098347336,1.2337873377305388,16,25.5,115,89,0.46870358935606504
60,20,0.75,4,4,2.2,8,7,0.875,21.849352000000298,258,2.7311690000000373,2.9403010000000562,-0.5747219999999831,-2.6869594682939235,1.8350374346467153,1.8781674881263304,0.8343291842747074,26,32.25,139,119,0.46862531176185557
55,20,0.75,4,4,2.2,8,7,0.875,21.07097000000011,261,2.6338712500000137,2.8936450000000558,-0.41356600000002075,-2.3846885528190365,1.8109718863105289,1.8799464772270986,0.8790530502427283,26,32.625,142,119,0.4678034110611409
50,20,0.85,3,3,2.4,8,8,1.0,16.50133200000017,183,2.062666500000021,2.4925809999999937,0.11509200000006103,-1.8820813740446016,1.9710770180790131,2.1301348858770366,1.0349498642600083,15,22.875,92,91,0.4674214336041287
50,28,0.85,4,4,2.2,8,8,1.0,16.07397599999998,164,2.0092469999999976,2.295131000000028,0.12424399999999558,-1.7810620326592779,2.1717491876961152,2.466409721043024,1.058843811273932,13,20.5,90,74,0.46731331167246665
50,28,0.85,3,3,2.2,8,8,1.0,17.803118000000005,189,2.2253897500000006,2.2196120000000263,0.1857859999999878,-1.9588820400317353,2.0274396864504745,1.9784642362063092,1.089011647127036,13,23.625,90,99,0.46689973250744654
55,24,0.75,3,4,2.0,8,7,0.875,21.93705000000009,268,2.7421312500000115,3.1791950000000346,-1.364949999999998,-2.1246875379243626,1.8915546197419608,2.0660626010269993,0.6318458281075112,26,33.5,150,118,0.466492063921777
60,24,0.85,4,3,2.0,8,8,1.0,15.03806000000023,174,1.8797575000000288,1.740900000000023,0.604220000000022,-2.3775916918858755,2.2278338955165364,1.9272832821831425,1.247354937245191,12,21.75,85,89,0.465790658806206
60,24,0.8,3,3,2.4,8,7,0.875,20.65062200000025,224,2.5813277500000313,2.799341000000033,-0.06393000000002313,-2.496583685075925,2.0190450799192723,1.9677024710268256,0.9835941048611998,17,28.0,110,114,0.465252932265033
60,20,0.8,3,3,2.4,8,7,0.875,20.45708200000042,252,2.5571352500000524,2.7819310000000486,-0.3394700000000195,-2.7654164631851055,1.807984170530021,1.805624572333992,0.9198779299064609,21,31.5,122,130,0.4650813009068355
55,28,0.75,3,4,2.2,8,7,0.875,21.591888000000246,274,2.6989860000000307,2.6582770000000644,-1.025741999999985,-1.9656250027238722,1.7989577445374558,1.7881792432016512,0.7214519641761236,26,34.25,152,122,0.4649474207802993
55,24,0.8,3,4,2.0,8,7,0.875,18.03516000000003,180,2.2543950000000037,2.2633199999999687,-0.6206399999999945,-1.5068322765913684,2.413123164619802,2.253045446098313,0.7283613445378163,16,22.5,106,74,0.46488830062954606
55,28,0.85,4,3,2.4,8,8,1.0,15.275758000000184,206,1.909469750000023,1.7331090000000438,0.7989040000000003,-2.214810158202584,1.7997714693833609,1.643613046035127,1.2161981359803422,16,25.75,102,104,0.4648465406173695
55,20,0.75,4,4,2.0,8,7,0.875,20.20379000000011,261,2.525473750000014,2.6966550000000256,-0.7104600000000016,-1.8362800711203318,1.8227457344195683,1.8963154669938513,0.7922267064397257,26,32.625,142,119,0.4644091671229662
60,24,0.85,3,3,2.2,8,8,1.0,15.410296000000235,166,1.9262870000000294,1.935183000000018,0.9198240000000579,-2.3775916918858755,2.093930542060084,1.9755658438043433,1.3400355959551145,12,20.75,81,85,0.4641986024817803
55,20,0.8,3,4,2.2,8,7,0.875,19.064376000000138,206,2.3830470000000172,2.414225999999975,-0.637364000000018,-1.708386634870046,2.027151414679671,1.9086554163513516,0.743612476568217,19,25.75,117,89,0.4640515466223626
60,28,0.85,4,3,2.0,8,8,1.0,16.915980000000232,205,2.114497500000029,2.0335850000000044,1.0817399999999866,-2.372955517237955,1.8825446555446943,1.9513349114436103,1.333093153013338,13,25.625,101,104,0.4640211063115794
60,24,0.75,3,4,2.0,8,7,0.875,21.686410000000134,260,2.7108012500000167,3.36937500000003,-1.3968599999999887,-2.1563517508047103,1.8898915313193743,2.150926392855072,0.5973376073057288,28,32.5,142,118,0.46393035960417484
55,28,0.75,3,4,2.4,8,7,0.875,20.937290000000175,274,2.617161250000022,2.7782650000000464,-0.762403999999961,-1.8821504101601212,1.760507120238143,1.8463985991437921,0.7929633994666685,26,34.25,152,122,0.46384797743977396
50,20,0.75,3,4,2.0,8,7,0.875,19.756819999999966,245,2.4696024999999957,2.0857350000000774,-0.7099599999999873,-1.8461080300228176,1.8732843178977565,1.692598947845544,0.757527322404375,25,30.625,136,109,0.46382284364094867
50,24,0.8,3,4,2.2,8,7,0.875,17.603038000000005,173,2.2003797500000006,2.4295420000000623,-0.13063800000001624,-1.6118086705025212,2.2555367164392552,2.359199220296583,0.9392126936857256,16,21.625,99,74,0.4632976927168792
55,24,0.8,3,4,2.4,8,7,0.875,17.38373400000005,180,2.1729667500000063,2.452766999999989,-0.2518079999999867,-1.8029332934931537,2.2865107372817066,2.291226373378377,0.8897899159663932,16,22.5,106,74,0.4610914695352755
60,20,0.8,4,4,2.0,8,7,0.875,17.878390000000245,210,2.2347987500000306,2.296515000000099,-0.8494899999999861,-1.5267261458272852,1.9358717794939762,1.8977029310780176,0.7329412023603346,20,26.25,113,97,0.4605215688399767
50,28,0.85,3,3,2.0,8,8,1.0,16.046950000000027,189,2.0058687500000034,1.78602499999998,0.23317000000002697,-1.9588820400317353,1.9862152060786102,1.7965115374644656,1.1180087758809987,13,23.625,90,99,0.4594127636390119
60,28,0.85,3,3,2.0,8,8,1.0,15.81929000000024,198,1.97741125000003,2.0335850000000044,0.9707399999999922,-2.372955517237955,1.8985733253578312,1.8361322631742123,1.2989136459372561,13,24.75,97,101,0.459342772019193
50,28,0.85,3,3,2.4,8,8,1.0,16.042196000000096,189,2.005274500000012,2.2380600000000195,0.4124220000000456,-1.9588820400317353,1.9197223153316771,1.9762501645264687,1.19759487545575,13,23.625,90,99,0.4592537355846555
60,20,0.75,4,4,2.0,8,7,0.875,19.958400000000164,258,2.4948000000000206,2.4838350000000564,-0.8614799999999811,-2.2403184290326896,1.8038184067606864,1.785361738238275,0.7516675987155079,26,32.25,139,119,0.4589000321414918
50,24,0.85,4,3,2.0,8,8,1.0,14.818770000000068,170,1.8523462500000085,2.004695000000012,0.2653100000000297,-1.692213668693664,1.9135892265214076,1.946330271213567,1.140082895535783,14,21.25,82,88,0.4583920963040336
55,28,0.75,3,4,2.0,8,7,0.875,20.582140000000138,274,2.572767500000017,2.909129999999971,-1.289079999999987,-2.0494019274187805,1.806411479873724,1.8930597413269914,0.6499405288855845,26,34.25,152,122,0.4582542105120162
55,20,0.85,4,4,2.0,8,7,0.875,15.39370000000011,163,1.9242125000000136,2.076879999999992,-0.1342699999999919,-1.3616489754703234,2.2918485316166217,2.1122889312618836,0.9388929089924417,16,20.375,88,75,0.4580662730631776
60,20,0.75,4,4,2.4,8,7,0.875,19.729996000000106,258,2.4662495000000133,2.505270000000026,-0.2879639999999628,-2.5534945738699073,1.6979403522379255,1.815699256844563,0.9169907698339151,26,32.25,139,119,0.45779666053590384
55,20,0.8,3,4,2.0,8,7,0.875,17.874270000000124,206,2.2342837500000154,2.0759200000000977,-0.8217799999999942,-1.7061786575288826,2.050423821996774,1.8812447276418311,0.6694288679533705,19,25.75,117,89,0.45779596503032965
55,20,0.85,4,3,2.4,8,7,0.875,18.733302000000172,206,2.3416627500000216,2.6647349999999848,-0.4403719999999889,-1.7973587376088043,2.025370427657674,2.2784485395423695,0.8762673290138434,17,25.75,100,106,0.4575823033553941
50,20,0.8,3,4,2.4,8,7,0.875,15.748396000000032,196,1.968549500000004,1.5810320000001044,-0.078471999999985,-1.7995761960416448,1.8657261923926824,1.6488969640683493,0.9666110695077972,20,24.5,107,89,0.4570093564197379
60,24,0.8,4,4,2.2,8,7,0.875,19.156930000000283,188,2.3946162500000354,2.2588920000000456,-0.8042320000000047,-1.4442567384442002,2.1614247229787074,2.113197574010187,0.7301026589300561,16,23.5,105,83,0.4568925463139176
50,24,0.8,3,4,2.0,8,7,0.875,16.27075999999994,173,2.0338449999999924,2.029015000000045,-0.3286799999999923,-1.2515028487056208,2.2618830514068358,2.2190055804162765,0.8470615606532954,16,21.625,99,74,0.4567344507529453
50,20,0.75,3,4,2.4,8,7,0.875,18.407724000000037,245,2.3009655000000047,1.9407140000000322,-0.22235199999998123,-1.7160835593469321,1.682078060986558,1.5559901222130392,0.9240601092896248,25,30.625,136,109,0.4565148546241783
55,20,0.75,4,4,2.4,8,7,0.875,18.855172000000074,261,2.3568965000000093,2.4625610000001186,-0.11667199999999545,-2.2388102310197904,1.6602000749820136,1.741885699877397,0.9658793940457435,26,32.625,142,119,0.4561580233558318
50,24,0.85,3,3,2.2,8,8,1.0,15.670580000000012,159,1.9588225000000015,2.131355999999951,0.156665999999972,-1.656435807998684,2.046069943066776,2.069701801290142,1.0698615842891082,12,19.875,78,81,0.4555804564849098
50,20,0.85,4,3,2.4,8,7,0.875,17.945120000000117,195,2.2431400000000146,2.258797999999984,-0.15090799999993854,-1.79223053911869,1.9681074721898755,1.9580904021249492,0.9575989165678751,17,24.375,96,99,0.4550423775766158
55,28,0.85,3,3,2.4,8,8,1.0,14.869098000000179,197,1.8586372500000223,1.7677790000000138,0.6835039999999903,-2.214810158202584,1.819270756194337,1.7328683540895127,1.1993164666223437,14,24.625,98,99,0.45362126318359836
60,20,0.85,4,4,2.2,8,7,0.875,15.60572800000023,159,1.9507160000000288,2.0964850000000035,-0.3376280000000009,-1.5335321414524736,2.2848082138482475,2.1017966568271533,0.8845396502963241,15,19.875,85,74,0.45047581599700387
55,24,0.85,4,4,2.0,8,7,0.875,14.613910000000029,144,1.8267387500000036,1.981704999999967,-0.10919999999998709,-0.9621498737531307,2.5448934357945854,2.082463089571058,0.9378719433792707,12,18.0,81,63,0.44975096265613457
60,24,0.85,3,3,2.0,8,8,1.0,13.126650000000218,166,1.6408312500000273,1.6749050000000154,0.604220000000022,-2.3775916918858755,2.06911080540985,1.885809667427651,1.2131754301691091,12,20.75,81,85,0.44931953651782836
60,28,0.8,4,4,2.2,8,7,0.875,18.70879400000026,204,2.3385992500000325,2.372836000000045,-0.8612519999999901,-1.559259031235203,1.9540165298578804,2.2103820238475045,0.7163939554595545,17,25.5,115,89,0.4487182670551012
50,28,0.8,3,4,2.4,8,8,1.0,14.777318000000083,193,1.8471647500000103,1.8422190000000116,0.20791399999999793,-1.7895204183542797,1.7602909399182218,1.7953815718753194,1.0761905110906698,14,24.125,110,83,0.4475295078477668
60,20,0.8,3,4,2.2,8,7,0.875,17.702122000000298,201,2.212765250000037,2.163854000000054,-1.5182320000000082,-2.0912410535588637,1.9006266088230723,1.789958061733178,0.522705137837915,20,25.125,110,91,0.446866288186877
55,20,0.75,3,4,2.2,8,7,0.875,18.982960000000126,249,2.372870000000016,2.5623530000000616,-1.3374500000000067,-2.253770472449984,1.7483363383185497,1.9000300360889324,0.6088641282096225,25,31.125,138,111,0.4466886296820629
60,24,0.8,4,4,2.0,8,7,0.875,17.444060000000192,188,2.180507500000024,2.1857499999999863,-1.0201899999999875,-1.4711467086292647,2.138591638806618,2.1142789628609493,0.6576279377267418,16,23.5,105,83,0.44629419090625494
60,20,0.75,3,4,2.2,8,7,0.875,19.370120000000302,247,2.4212650000000377,2.698574999999992,-1.498605999999969,-2.5560413879248705,1.755190547739962,1.8576422621973478,0.5680080482897418,25,30.875,136,111,0.44533759237896464
55,20,0.85,3,3,2.4,8,7,0.875,17.842592000000202,195,2.2303240000000253,2.7748050000000246,-0.1743719999999893,-2.155601137349313,2.0085675705980424,2.097125467138115,0.9470486416888884,15,24.375,96,99,0.4444420385107119
60,28,0.85,3,3,2.4,8,8,1.0,15.398016000000236,198,1.9247520000000296,2.1356860000000477,0.026479999999984294,-2.408374454224315,1.843352715344063,1.911843844891237,1.006956777603795,13,24.75,97,101,0.4431465946002343
55,28,0.85,4,4,2.4,8,8,1.0,12.464646000000146,166,1.5580807500000182,1.7033089999999973,0.10996599999997247,-1.6762385124885684,1.9693812961004524,1.9009613352438115,1.0327380119500835,13,20.75,95,71,0.4431398152205837
55,28,0.8,4,4,2.2,8,7,0.875,17.456298000000125,207,2.1820372500000156,2.086277999999986,-0.6714840000000111,-2.0138691012791,1.9310275575659932,1.9064383052286251,0.7786014797620755,17,25.875,117,90,0.4430872090623877
50,28,0.85,4,4,2.4,8,8,1.0,13.021144000000051,164,1.6276430000000064,1.4631390000000466,0.06969599999997467,-1.7765706952561122,1.9402823782206053,1.7809777562297089,1.0208082545141777,13,20.5,90,74,0.442792885615317
55,20,0.75,3,4,2.4,8,7,0.875,17.901024000000056,249,2.237628000000007,2.3002660000000397,-1.1299999999999977,-2.1079560866139806,1.6678193457208055,1.7139422372957638,0.6695326665496879,25,31.125,138,111,0.44176133351495805
55,20,0.75,3,4,2.0,8,7,0.875,18.093830000000022,249,2.2617287500000027,2.407265000000014,-1.5449000000000046,-2.198245063502293,1.755678695775471,1.8119626755229508,0.5481955898695656,25,31.125,138,111,0.44157239556604483
55,24,0.85,3,4,2.2,8,7,0.875,14.909190000000118,136,1.8636487500000147,2.034663999999997,-0.05245400000001288,-0.9847302916337505,2.5165774336281617,2.5140174511053868,0.9701569131686456,10,17.0,78,58,0.4406209592499856
60,20,0.75,3,4,2.4,8,7,0.875,18.3595740000001,247,2.2949467500000127,2.597985000000036,-1.3012919999999761,-2.422640429464098,1.6777032289010418,1.8684172209907155,0.6248862804333237,25,30.875,136,111,0.4406158130150649
60,28,0.8,4,4,2.0,8,7,0.875,17.372600000000173,204,2.1715750000000216,2.0321150000000343,-1.077209999999973,-1.5279069228049935,1.9417457561877192,2.1759174130559975,0.6452800489991142,17,25.5,115,89,0.44040620515532625
60,20,0.85,4,4,2.0,8,7,0.875,13.67007000000019,159,1.7087587500000236,1.8424549999999873,-0.5927699999999869,-1.5646531116270395,2.2975356262108155,1.9969916522421025,0.7972874539616146,15,19.875,85,74,0.44020777641087094
60,24,0.8,3,4,2.2,8,7,0.875,17.682512000000283,180,2.2103140000000354,2.231581000000038,-1.3170920000000086,-1.8912713721200913,2.1059021249643943,2.1202364766944983,0.5579887038261351,16,22.5,102,78,0.4394677175406657
60,28,0.85,4,3,2.4,8,8,1.0,14.977560000000235,205,1.8721950000000294,2.057336000000054,0.16367999999997718,-2.372955517237955,1.7664286910017923,1.9030311737905243,1.0430017129225766,13,25.625,101,104,0.43934257548080385
60,20,0.8,3,4,2.0,8,7,0.875,16.215200000000195,201,2.0269000000000243,1.795490000000033,-1.683929999999989,-2.1318626777103824,1.8865673244679528,1.71708121125405,0.4706137551832666,20,25.125,110,91,0.43830060304217716
50,24,0.85,4,4,2.2,8,7,0.875,13.963189999999958,137,1.7453987499999948,2.135705000000032,-0.17936000000001728,-1.103514507854516,2.399660210005158,2.3608966644955216,0.9101470330385911,12,17.125,77,60,0.43823328178252885
50,20,0.85,4,4,2.0,8,7,0.875,13.335030000000014,154,1.6668787500000017,1.8629200000000012,-0.18655000000001865,-1.2141473110776533,2.1508455879779977,1.9336537703955887,0.9150999640466159,15,19.25,85,69,0.4380819039053764
55,28,0.8,4,4,2.0,8,7,0.875,16.51250000000012,207,2.064062500000015,2.155695000000002,-0.9061600000000003,-2.019692570485921,1.9422033965245105,1.990759103115996,0.7012252218983689,17,25.875,117,90,0.4369825908497312
60,20,0.75,3,4,2.0,8,7,0.875,17.769220000000097,247,2.221152500000012,2.5272949999999517,-1.695919999999984,-2.348262899353432,1.731048330192758,1.841544147936212,0.511129816146164,25,30.875,136,111,0.4368908696587176
55,24,0.85,4,3,2.4,8,7,0.875,16.402166000000108,180,2.0502707500000135,2.333196999999998,-0.7525719999999847,-1.9381722648068236,2.0429337539794528,2.1365056015593016,0.7885475378330263,15,22.5,87,93,0.43550585038825995
50,28,0.85,3,4,2.4,8,8,1.0,11.874734000000121,153,1.4843417500000151,1.2950010000000511,0.06740400000002644,-1.7957620331714454,1.957808548495586,1.7604255237226436,1.0313638267181657,12,19.125,85,68,0.43469642282764914
55,20,0.85,3,4,2.2,8,7,0.875,14.891322000000152,154,1.861415250000019,2.0497270000000567,-0.4430920000000227,-1.5151521913725239,2.1859087075507784,2.151402286347827,0.7983461445689887,14,19.25,85,69,0.4344959777034364
50,28,0.8,3,4,2.2,8,7,0.875,16.685134000000012,193,2.0856417500000015,2.020222000000016,-0.05681800000000292,-1.6285435164575757,1.9140966455901969,1.910052819184736,0.979178927541437,14,24.125,110,83,0.4342985242988795
60,24,0.85,4,4,2.2,8,7,0.875,14.466132000000176,141,1.808266500000022,1.7920490000000067,-0.5965039999999977,-1.4264616493799431,2.469221488777441,2.1017966568271533,0.7809426929362357,11,17.625,78,63,0.43181446890942243
55,28,0.85,3,4,2.2,8,7,0.875,14.30958600000013,157,1.7886982500000161,1.9739269999999864,-0.0620340000000108,-1.0782648984371672,2.1756152384437675,2.2326674729111033,0.9675318353824169,12,19.625,91,66,0.4307516583452997
60,24,0.8,3,4,2.0,8,7,0.875,16.15271000000015,180,2.0190887500000185,2.056464999999985,-1.4827899999999894,-1.931639081089756,2.0923635951918786,2.205926567300943,0.5023810562560214,16,22.5,102,78,0.4306278891043866
55,20,0.8,3,4,2.4,8,6,0.75,17.352576000000155,206,2.1690720000000194,2.4400050000000006,-0.45294799999998636,-1.6873238084811129,1.9233883368416476,1.9245495375968749,0.8177960851830753,19,25.75,117,89,0.4305168012070004
60,28,0.8,4,4,2.4,8,7,0.875,15.659020000000135,204,1.9573775000000169,1.9224110000000683,-0.645293999999963,-1.7902355187568293,1.7751815770832338,1.8165234406182815,0.7875078619199998,17,25.5,115,89,0.4300295407371781
55,24,0.85,3,4,2.0,8,7,0.875,13.40988000000003,136,1.6762350000000037,1.8105899999999786,-0.22019999999998152,-1.0275872514785995,2.4947799333929175,2.423546260520185,0.874719797913139,10,17.0,78,58,0.4298769023287785
55,20,0.85,3,4,2.0,8,7,0.875,13.817830000000086,154,1.7272287500000107,1.7861200000000244,-0.6171099999999874,-1.5534075029220324,2.2227794150684126,2.031743875058946,0.7191494977904613,14,19.25,85,69,0.4289547756504293
60,20,0.8,4,4,2.4,8,6,0.75,16.731250000000166,210,2.091406250000021,1.7186869999999743,-0.41479600000000616,-1.7802717718002636,1.7837463564597256,1.6517429654144111,0.8933619624572933,20,26.25,113,97,0.42876262496227735
50,28,0.8,3,4,2.0,8,7,0.875,15.721850000000005,193,1.9652312500000007,1.7817350000000398,-0.18778000000000405,-1.6512144177500736,1.9097683988674303,1.8931506324370546,0.9219476103781693,14,24.125,110,83,0.428067189769748
55,24,0.85,3,3,2.4,8,7,0.875,15.96166400000013,170,1.9952080000000163,2.234828000000022,-0.4865719999999851,-1.9381722648068236,2.072845988567512,2.0573827533800486,0.8522432023710507,13,21.25,83,87,0.427897406199184
55,28,0.8,4,4,2.4,8,7,0.875,14.295738000000124,207,1.7869672500000156,1.7448549999999896,-0.43680799999998854,-2.0080791176561386,1.7399962998013683,1.6433761052560347,0.8559777376257917,17,25.875,117,90,0.4248075464068199
60,28,0.85,4,4,2.2,8,7,0.875,15.236156000000268,165,1.9045195000000334,1.9915200000000244,-0.8042320000000047,-1.4084184045336376,2.09456864112403,2.090684572815244,0.7301026589300561,13,20.625,93,72,0.4240260313907365
60,20,0.85,3,4,2.2,8,7,0.875,13.720286000000236,150,1.7150357500000295,1.9744030000000246,-1.261511999999998,-2.0859172442965375,2.2050295725589013,2.227473795834472,0.5685943799821501,15,18.75,82,68,0.42401674010574925
55,28,0.85,3,4,2.0,8,7,0.875,13.505480000000059,157,1.6881850000000074,1.8450499999999925,-0.24644999999999806,-1.1359790286893645,2.1614843386673703,2.2001416802643963,0.8710097822161548,12,19.625,91,66,0.42288026307856813
50,20,0.85,3,3,2.0,8,7,0.875,14.264370000000092,184,1.7830462500000115,1.7724400000000418,-0.08325999999998501,-1.980140155830841,1.8088920319223074,1.794029621470541,0.9628721260011021,15,23.0,93,91,0.4225501733570056
60,28,0.8,3,4,2.2,8,7,0.875,16.245946000000266,196,2.0307432500000333,2.058024000000047,-1.374111999999994,-1.9479596053687578,1.8412842310057063,1.948870279053232,0.5475116817428957,16,24.5,112,84,0.4201471782931584
50,28,0.85,3,4,2.2,8,7,0.875,13.793299999999988,153,1.7241624999999985,2.1122430000000914,-0.13063800000001624,-1.628767223964594,2.078384037932887,2.3057470984436437,0.9392126936857256,12,19.125,85,68,0.4200687485242504
55,28,0.8,3,4,2.2,8,7,0.875,15.384672000000087,198,1.923084000000011,2.144102999999986,-1.184344000000026,-1.9399827259120643,1.8538569137794534,1.8765269376684643,0.6095037125937989,16,24.75,113,85,0.42006560056316467
60,24,0.85,4,4,2.0,8,7,0.875,12.826200000000153,141,1.603275000000019,1.7008349999999894,-0.8061899999999844,-1.5098137396624685,2.422069154698203,2.0067648969859873,0.7039385982629823,11,17.625,78,63,0.4198101829671177
50,24,0.85,4,4,2.0,8,7,0.875,11.89165999999997,137,1.4864574999999962,1.7834700000000314,-0.35725000000002005,-1.1808777383145004,2.2444219090255033,2.1369697134757386,0.8210304836810812,12,17.125,77,60,0.41875165110694584
50,24,0.85,4,3,2.4,8,7,0.875,14.769408000000052,170,1.8461760000000065,2.3121539999999663,-0.9336999999999374,-1.8061665887024392,1.9417914141770882,2.109576802530883,0.7376554483487372,14,21.25,82,88,0.4179502356992919
60,20,0.85,3,4,2.0,8,7,0.875,12.006880000000141,150,1.5008600000000176,1.8733649999999713,-1.4272099999999899,-2.1264285815703983,2.245402324705921,2.112472061045123,0.5119297993632445,15,18.75,82,68,0.4171409653019745
55,20,0.85,4,4,2.4,8,7,0.875,12.514856000000062,163,1.5643570000000078,2.1451680000000306,-0.9711740000000191,-1.7955403476937761,1.9232446471711597,2.063098612097054,0.6986542716093771,16,20.375,88,75,0.41706141148446446
60,28,0.85,4,4,2.0,8,7,0.875,14.077790000000233,165,1.7597237500000291,1.970464999999999,-1.0201899999999875,-1.4711467086292647,2.0849216570148736,2.1971558629146237,0.6576279377267418,13,20.625,93,72,0.4159871793166679
50,28,0.85,3,4,2.0,8,7,0.875,12.984999999999914,153,1.6231249999999893,1.8900350000000121,-0.3286799999999923,-1.6328953365807843,2.11488265246144,2.1279874874183182,0.8470615606532954,12,19.125,85,68,0.4151558683662996
60,20,0.85,4,3,2.4,8,6,0.75,16.043206000000286,200,2.0054007500000357,2.4137530000000407,-0.5221239999999794,-2.261664679772215,2.0216527479548345,2.0796630089983585,0.8724853588367208,16,25.0,97,103,0.4148357508523506
60,28,0.8,3,4,2.0,8,7,0.875,15.160620000000135,196,1.8950775000000168,1.8766850000000335,-1.539809999999986,-1.9883992952654848,1.8348737664526849,1.9779936599104035,0.49294814590406644,16,24.5,112,84,0.4133719426824701
60,20,0.8,3,4,2.4,8,6,0.75,16.022418000000158,201,2.0028022500000198,1.7186869999999743,-1.352533999999983,-2.050722328201238,1.796485236582206,1.6517429654144111,0.574796520492568,20,25.125,110,91,0.41264657850780745
60,24,0.85,3,4,2.2,8,7,0.875,12.991714000000176,133,1.623964250000022,1.7728690000000213,-1.1093640000000016,-1.9350395858993896,2.396223255451062,2.2739834283703004,0.5926024127357211,11,16.625,75,58,0.4125589888524857
55,28,0.8,3,4,2.0,8,7,0.875,14.379740000000085,198,1.7974675000000107,2.070044999999987,-1.3687600000000133,-1.9989362402940456,1.8322861162223416,1.9300680520605962,0.5486989435923116,16,24.75,113,85,0.4124916073533397
55,28,0.8,3,4,2.4,8,7,0.875,13.39715800000012,198,1.674644750000015,1.8232049999999944,-0.9999279999999944,-1.8811782725918547,1.763356915933017,1.6984142278845233,0.6703084815952958,16,24.75,113,85,0.4108136361975039
60,28,0.8,3,4,2.4,8,7,0.875,14.344166000000126,196,1.7930207500000157,1.95176899999997,-1.20841399999998,-1.907622353407556,1.7431173459975353,1.8372332408105594,0.6020752175817297,16,24.5,112,84,0.4104913867361087
55,28,0.85,3,4,2.4,8,7,0.875,11.56606600000011,157,1.4457582500000137,1.6108769999999883,-0.005434000000026362,-1.8116583115638292,2.018464370934932,1.853264589780916,0.9982431126069691,12,19.625,91,66,0.4101673989932067
60,24,0.8,4,4,2.4,8,6,0.75,15.92865200000012,188,1.991081500000015,2.0465849999999675,-0.5882739999999775,-1.7902373620892964,1.9403827404058895,1.926497219646469,0.8025773801333754,16,23.5,105,83,0.4099034904151835
50,20,0.85,3,4,2.2,8,7,0.875,12.234940000000016,144,1.529367500000002,1.8126299999999929,-1.0439940000000258,-1.9046880333022795,2.1466351708491835,1.8626021676873623,0.5248720014199186,14,18.0,81,63,0.4096842234327446
50,20,0.85,4,4,2.4,8,7,0.875,12.432344000000061,154,1.5540430000000076,2.0532300000000614,-1.8498399999999915,-1.8535303072604383,2.0816042348916586,1.925190880773973,0.44771663322824257,15,19.25,85,69,0.40934251553741074
50,24,0.85,3,3,2.4,8,7,0.875,13.7758280000001,159,1.7219785000000125,2.350208000000009,-0.6676999999999378,-1.8014067432513339,1.9916478039516625,2.2679221062161012,0.797240256782463,12,19.875,78,81,0.4091243217526253
55,24,0.85,3,4,2.4,8,7,0.875,12.033984000000064,136,1.504248000000008,2.162552999999956,-0.7051740000000084,-1.802600641608032,2.3212737446320793,2.3546200136078284,0.7615069044470473,10,17.0,78,58,0.4076384002014459
55,24,0.85,4,4,2.4,8,7,0.875,11.862614000000038,144,1.4828267500000047,2.0453199999999505,-0.9711740000000191,-1.6942286770040493,2.121435909382558,2.344927913147714,0.6986542716093771,12,18.0,81,63,0.40503162544848287
50,24,0.85,3,3,2.0,8,7,0.875,12.642370000000058,159,1.5802962500000073,1.7453599999999625,-0.08325999999998501,-1.692213668693664,1.8499340124821622,1.8714814963641881,0.9628721260011021,12,19.875,78,81,0.4049594048206841
50,24,0.85,3,4,2.2,8,7,0.875,11.563973999999988,128,1.4454967499999984,1.8551490000000337,-0.8428540000000262,-1.3232199728608272,2.290217109769642,2.2244934169178827,0.5777601883625846,11,16.0,73,55,0.40437006565868133
60,28,0.85,3,4,2.2,8,7,0.875,13.499108000000202,158,1.6873885000000253,1.940603000000063,-1.3170920000000086,-1.8912713721200913,2.0129051663619197,2.0840454272468847,0.5579887038261351,13,19.75,90,68,0.4041301046105417
60,20,0.85,3,3,2.4,8,6,0.75,15.082422000000284,191,1.8853027500000354,2.4137530000000407,-0.6909340000000208,-2.8363824628421552,1.9643750600593275,2.1518413289496996,0.8334846498216116,16,23.875,93,98,0.4039353091816212
60,24,0.85,3,4,2.0,8,7,0.875,11.534850000000096,133,1.441856250000012,1.7008349999999894,-1.2687899999999974,-1.9691323217799688,2.3784006825084214,2.1641139527843323,0.5340555626962431,11,16.625,75,58,0.4036922825243714
60,24,0.8,3,4,2.4,8,6,0.75,15.670028000000137,180,1.9587535000000171,2.0465849999999675,-1.1513939999999834,-1.8510059187507861,1.9803172535191733,2.098245295159276,0.6135963513962537,16,22.5,102,78,0.4030672921380555
60,28,0.85,3,4,2.0,8,7,0.875,12.523810000000191,158,1.5654762500000239,1.8705000000000083,-1.4827899999999894,-1.931639081089756,2.0133523920331804,2.1971558629146237,0.5023810562560214,13,19.75,90,68,0.3980689539464518
50,20,0.85,3,4,2.0,8,7,0.875,10.528519999999997,144,1.3160649999999996,1.539920000000028,-1.1579300000000181,-1.942837128311664,2.0100696375403313,1.9205448555790698,0.473019037086583,14,18.0,81,63,0.3941920077189216
50,24,0.85,3,4,2.0,8,7,0.875,9.456989999999998,128,1.1821237499999997,1.5388000000000512,-0.9567900000000185,-1.33345752257736,2.1426397732921827,2.0138560990721897,0.5206823134533869,11,16.0,73,55,0.38675570608985776
60,20,0.85,4,4,2.4,8,6,0.75,11.768008000000174,159,1.4710010000000218,1.9763600000000436,-1.0529260000000096,-2.012559803221642,1.9711564811527207,1.8982362812050855,0.7198435483656357,15,19.875,85,74,0.3864187969761539
55,20,0.85,3,4,2.4,8,6,0.75,12.236018000000115,154,1.5295022500000144,2.242824000000021,-0.7051740000000084,-1.7963941232504248,1.9793511227014196,2.3466301832106735,0.7615069044470473,14,19.25,85,69,0.3863309291967012
60,24,0.85,4,3,2.4,8,6,0.75,13.2875360000002,174,1.660942000000025,2.163936000000033,-0.6448519999999847,-2.3775916918858755,1.9836618850767023,1.9698784743652746,0.8425123698902487,12,21.75,85,89,0.3808238905900165
60,20,0.85,3,4,2.4,8,6,0.75,11.05917600000016,150,1.38239700000002,2.0690750000000424,-1.1683259999999973,-2.0455082655335,1.9716995030728854,2.179297808269419,0.6252589606010608,15,18.75,82,68,0.37983970225001984
60,24,0.85,3,3,2.4,8,6,0.75,12.776960000000193,166,1.597120000000024,2.0106680000000154,-0.7602519999999835,-2.469204048627178,1.9615718257800845,2.110975859539856,0.8014292355992537,12,20.75,81,85,0.3757033404698392
60,28,0.85,4,4,2.4,8,6,0.75,11.453374000000128,165,1.431671750000016,2.081237999999963,-0.843084000000005,-1.7988396396523054,1.8621127357717475,1.9921861339264364,0.7893648596655136,13,20.625,93,72,0.37363618547694694
50,20,0.85,3,4,2.4,8,6,0.75,10.730286000000056,144,1.341285750000007,1.6368410000000777,-1.583839999999992,-2.006603185912715,2.0772838300582848,1.8699363592255085,0.48633993202397474,14,18.0,81,63,0.37352334535430987
50,24,0.85,4,4,2.4,8,6,0.75,11.066014000000003,137,1.3832517500000003,2.106200000000036,-1.8498399999999915,-1.8535303072604383,2.2023891871928285,2.198303735714046,0.44771663322824257,12,17.125,77,60,0.3702580256524689
60,24,0.85,4,4,2.4,8,6,0.75,10.332686000000123,141,1.2915857500000154,1.9422649999999653,-1.0529260000000096,-1.8092228812510798,2.0895640088347887,2.236023000930786,0.7198435483656357,11,17.625,78,63,0.36797340047010996
60,24,0.85,3,4,2.4,8,6,0.75,10.074062000000083,133,1.2592577500000104,2.005149999999989,-1.1683259999999973,-1.9010329908847867,2.1680954665711285,2.4912680011833777,0.6511492627752045,11,16.625,75,58,0.36772331138514097
60,28,0.85,3,4,2.4,8,6,0.75,10.932120000000145,158,1.3665150000000181,2.1595879999999568,-1.1513939999999834,-1.8510059187507861,1.8919649102240008,2.0369617495519043,0.6135963513962537,13,19.75,90,68,0.36588251997329685
50,24,0.85,3,4,2.4,8,6,0.75,9.814164000000014,128,1.2267705000000018,1.6898110000000521,-1.583839999999992,-1.7045959039320218,2.1935852284229096,2.0266882973765044,0.48633993202397474,11,16.0,73,55,0.3624129941824444
