candidate_name,position_mode,risk_per_trade_pct,period,ending_equity,total_return,total_trades,win_rate,profit_factor,sharpe_ratio,max_drawdown_pct,avg_r,expectancy_r,avg_actual_risk_pct,max_actual_risk_pct,cap_hit_count,cap_hit_rate,total_fees,total_slippage_cost,cost_as_pct_of_gross_profit,long_trades,short_trades,long_pnl,short_pnl
robust_ema55,capped_3x,0.005,2024-Q1,100000.0,0.21281449699996902,30,0.43333333333333335,1.4912988066573885,1.577570851566459,-0.18222302970944715,0.38666666666667276,0.38666666666667293,0.000242055417295616,0.0005055204673811972,30,1.0,0.0,0.0,0.0,15,15,256.92410879999824,-44.10961179999977
robust_ema55,capped_3x,0.005,2024-Q2,100000.0,-0.10084974820000481,26,0.34615384615384615,0.7386965562485811,-1.0418453222493802,-0.2606150486844618,0.10769230769230502,0.10769230769230509,0.0001985268718169998,0.000411199333382011,26,1.0,0.0,0.0,0.0,14,12,-103.84572019999928,2.9959720000037535
robust_ema55,capped_3x,0.005,2024-Q3,100000.0,0.06625414540002428,25,0.48,1.2453206819221585,0.8169873101409297,-0.12019063906885377,0.5360000000000008,0.5360000000000007,0.00016912940547512015,0.0005417886033054258,25,1.0,0.0,0.0,0.0,17,8,9.355533400001995,56.89861199999564
robust_ema55,capped_3x,0.005,2024-Q4,100000.0,0.5321531072000063,22,0.6818181818181818,4.100834928215982,5.470766249050392,-0.07181919573042274,1.1818181818181768,1.1818181818181768,0.0002228348848848497,0.0005912534938856175,22,1.0,0.0,0.0,0.0,14,8,335.7275621999955,196.42554499999954
robust_ema55,capped_3x,0.005,2025-Q1,100000.0,-0.059272457600034745,26,0.38461538461538464,0.8660812939465816,-0.4784040327216895,-0.2738750759908345,0.2307692307692271,0.23076923076922706,0.00023719754567169506,0.0008068049606737386,26,1.0,0.0,0.0,0.0,12,14,-121.46715459999425,62.194697000001256
robust_ema55,capped_3x,0.005,2025-Q2,100000.0,0.398714822199997,28,0.6071428571428571,2.71679389536812,4.583083099827203,-0.0774055004487152,0.9428571428571385,0.9428571428571383,0.00018507646464777637,0.0005031350980739626,28,1.0,0.0,0.0,0.0,16,12,231.00617839999347,167.7086438000024
robust_ema55,capped_3x,0.005,2025-Q3,100000.0,-0.09197897339999761,28,0.35714285714285715,0.6662364678387329,-1.4367005005329416,-0.1333950897391259,0.14285714285715853,0.14285714285715834,0.00012825871298061294,0.00035272443719672463,28,1.0,0.0,0.0,0.0,19,9,-29.137747999999043,-62.84122539999913
robust_ema55,capped_3x,0.005,2025-Q4,100000.0,0.20643042820003288,20,0.55,1.8153230017039936,1.8651908697236643,-0.16799840951789916,0.7600000000000012,0.7600000000000011,0.00023081092328995824,0.000608466844809385,20,1.0,0.0,0.0,0.0,13,7,240.6423252000009,-34.21189699999704
robust_ema55,capped_3x,0.005,2024-2025-Full,100000.0,1.1587895903999446,206,0.470873786407767,1.4663402480702359,1.4172991261391201,-0.28643873260368136,0.5067961165048557,0.5067961165048558,0.0002000087496970356,0.0008072001762574233,206,1.0,0.0,0.0,0.0,121,85,812.8211495999968,345.96844080000676
robust_ema55,capped_5x,0.005,2024-Q1,100000.0,0.5910411603999854,30,0.43333333333333335,1.4902111272991414,1.5792886314901382,-0.5055088092511654,0.38666666666667276,0.38666666666667293,0.0006725115541035868,0.0014045615372602906,30,1.0,0.0,0.0,0.0,15,15,714.150675599995,-123.10951519999936
robust_ema55,capped_5x,0.005,2024-Q2,100000.0,-0.2804480574000068,26,0.34615384615384615,0.7379530852790142,-1.0405003903601184,-0.7225571920349599,0.10769230769230502,0.10769230769230498,0.0005515663277827035,0.0011419821036282652,26,1.0,0.0,0.0,0.0,14,12,-288.71865879999797,8.270601400010392
robust_ema55,capped_5x,0.005,2024-Q3,100000.0,0.1836984836000477,25,0.48,1.2446323094633296,0.8177923354155077,-0.3337691987907457,0.5360000000000008,0.5360000000000007,0.0004699159917078994,0.0015050319634652295,25,1.0,0.0,0.0,0.0,17,8,25.49539100000561,158.20309259998788
robust_ema55,capped_5x,0.005,2024-Q4,100000.0,1.4841385217999825,22,0.6818181818181818,4.09521284920327,5.470131841827016,-0.1996270497316832,1.1818181818181768,1.1818181818181768,0.0006191786435035406,0.0016439609029448075,22,1.0,0.0,0.0,0.0,14,8,937.1492371999875,546.9892845999988
robust_ema55,capped_5x,0.005,2025-Q1,100000.0,-0.16572292279996015,26,0.38461538461538464,0.8653414028574609,-0.4772443140418564,-0.7595490381511969,0.23076923076922704,0.23076923076922706,0.0006591519437292681,0.00224193096107542,26,1.0,0.0,0.0,0.0,12,14,-337.824796599984,172.10187380000343
robust_ema55,capped_5x,0.005,2025-Q2,100000.0,1.1107390288000119,28,0.6071428571428571,2.715960190522987,4.583163857084777,-0.2150547820903812,0.9428571428571386,0.9428571428571383,0.0005142849538090593,0.0013979734136252196,28,1.0,0.0,0.0,0.0,16,12,642.6824867999819,468.05654200000663
robust_ema55,capped_5x,0.005,2025-Q3,100000.0,-0.25565440259998073,28,0.35714285714285715,0.6660055450538206,-1.4364958862589576,-0.3701395626178519,0.1428571428571586,0.14285714285715856,0.0003563734302407055,0.0009808672672524303,28,1.0,0.0,0.0,0.0,19,9,-81.1031315999973,-174.5512709999976
robust_ema55,capped_5x,0.005,2025-Q4,100000.0,0.5736648170000302,20,0.55,1.813644952393353,1.866674557472174,-0.4659784412087191,0.760000000000001,0.7600000000000011,0.0006412763320130426,0.0016901959817620413,20,1.0,0.0,0.0,0.0,13,7,668.9869816000023,-95.32216459999172
robust_ema55,capped_5x,0.005,2024-2025-Full,100000.0,3.2460335479999713,206,0.470873786407767,1.465873044503237,1.4182135696962477,-0.7941468003139239,0.5067961165048557,0.5067961165048558,0.0005557386937315122,0.002241920114364883,206,1.0,0.0,0.0,0.0,121,85,2278.4065451999913,967.627002800019
pivot_wide_9_35,capped_3x,0.005,2024-Q1,100000.0,0.11494552120003831,26,0.3076923076923077,1.2370670408650817,0.6888156552264836,-0.3577648679004809,-0.015384615384611213,-0.015384615384611222,0.0002916346372598435,0.0012777053464784558,26,1.0,0.0,0.0,0.0,12,14,307.3872047999978,-192.44168360000054
pivot_wide_9_35,capped_3x,0.005,2024-Q2,100000.0,-0.010636782399986444,23,0.391304347826087,0.962106069941273,-0.12224913676202741,-0.16377494644197532,0.2521739130434848,0.2521739130434846,0.00017551222346056666,0.00041106013203401,23,1.0,0.0,0.0,0.0,12,11,-57.38904779999734,46.752265400001974
pivot_wide_9_35,capped_3x,0.005,2024-Q3,100000.0,0.09726722359999496,18,0.5555555555555556,1.5431177782314212,1.4708410901263316,-0.09866234486497333,0.7777777777777756,0.7777777777777757,0.00016923147377214456,0.0005280558178186737,18,1.0,0.0,0.0,0.0,11,7,70.4849590000014,26.78226459999676
pivot_wide_9_35,capped_3x,0.005,2024-Q4,100000.0,0.4183257262000195,22,0.6363636363636364,3.228951727940097,4.328558130446556,-0.07438115280517901,1.0363636363636328,1.0363636363636326,0.0002100039223678727,0.0005917829095561788,22,1.0,0.0,0.0,0.0,14,8,301.61549899999613,116.71022720000144
pivot_wide_9_35,capped_3x,0.005,2025-Q1,100000.0,0.1085299579999699,26,0.5,1.2925195425191012,0.9889873482032212,-0.19189557868788545,0.5999999999999971,0.599999999999997,0.000226329469231734,0.000784679925711305,26,1.0,0.0,0.0,0.0,13,13,-90.5276687999957,199.05762679999742
pivot_wide_9_35,capped_3x,0.005,2025-Q2,100000.0,0.362243744800006,23,0.6086956521739131,3.369036996089527,5.045874915854659,-0.05790758998092104,0.947826086956523,0.9478260869565227,0.00016806744474024484,0.00041771202125162073,23,1.0,0.0,0.0,0.0,14,9,156.68583279999922,205.5579120000031
pivot_wide_9_35,capped_3x,0.005,2025-Q3,100000.0,0.10387211280000752,30,0.5,1.4482649128136882,1.5418453808510184,-0.08575580093697413,0.6000000000000151,0.600000000000015,0.00012797206018139506,0.00035295091917187066,30,1.0,0.0,0.0,0.0,16,14,43.00992080000063,60.86219199999927
pivot_wide_9_35,capped_3x,0.005,2025-Q4,100000.0,0.2818862577999903,19,0.631578947368421,2.2833226383049294,2.4943551394897776,-0.15579619737428502,1.0210526315789492,1.0210526315789488,0.00023522105907096408,0.0006080281728621357,19,1.0,0.0,0.0,0.0,13,6,329.13105979999995,-47.244801999998
pivot_wide_9_35,capped_3x,0.005,2024-2025-Full,100000.0,1.4760606960001255,188,0.5053191489361702,1.6943060891180268,1.791548200997918,-0.3577648679004809,0.6170212765957477,0.6170212765957476,0.00019911518838863892,0.0012777053464784558,188,1.0,0.0,0.0,0.0,106,82,1056.7974956000016,419.26320040000155
pivot_wide_9_35,capped_5x,0.005,2024-Q1,100000.0,0.3168807745999702,26,0.3076923076923077,1.2355528305491812,0.6896538861397606,-0.9913158734533861,-0.015384615384611128,-0.015384615384611222,0.0008102028231218952,0.0035491490942030006,26,1.0,0.0,0.0,0.0,12,14,850.3199823999939,-533.4392078000014
pivot_wide_9_35,capped_5x,0.005,2024-Q2,100000.0,-0.029919301999992154,23,0.391304347826087,0.9616061910373248,-0.12074270923406542,-0.4545983461677518,0.2521739130434848,0.2521739130434846,0.0004876600697650143,0.001141957540365069,23,1.0,0.0,0.0,0.0,12,11,-159.7532049999926,129.83390300000548
pivot_wide_9_35,capped_5x,0.005,2024-Q3,100000.0,0.2700714489999978,18,0.5555555555555556,1.5423723248650743,1.4711747589105173,-0.2739398883806213,0.7777777777777756,0.7777777777777757,0.00047018989736657323,0.0014670114976290077,18,1.0,0.0,0.0,0.0,11,7,195.61662940000386,74.45481959999101
pivot_wide_9_35,capped_5x,0.005,2024-Q4,100000.0,1.165472896600006,22,0.6363636363636364,3.2232391537852325,4.328907116870353,-0.2065472715833988,1.036363636363633,1.036363636363633,0.0005834359691551265,0.0016436986754798117,22,1.0,0.0,0.0,0.0,14,8,840.4341887999892,325.03870780000403
pivot_wide_9_35,capped_5x,0.005,2025-Q1,100000.0,0.3007798916000226,26,0.5,1.2911771529920517,0.989631415048848,-0.5323189192740744,0.5999999999999971,0.599999999999997,0.0006288795831657218,0.00218004371052581,26,1.0,0.0,0.0,0.0,13,13,-252.86010619998797,553.6399977999929
pivot_wide_9_35,capped_5x,0.005,2025-Q2,100000.0,1.0094104582000218,23,0.6086956521739131,3.370291454653623,5.046728976782779,-0.16078842849820663,0.9478260869565228,0.9478260869565232,0.0004670846236938374,0.0011608991469636448,23,1.0,0.0,0.0,0.0,14,9,435.9643601999977,573.4460980000088
pivot_wide_9_35,capped_5x,0.005,2025-Q3,100000.0,0.288423401600002,30,0.5,1.4470917954879743,1.5420346571486407,-0.23817053354877504,0.6000000000000151,0.600000000000015,0.0003555900594937976,0.0009809205680850431,30,1.0,0.0,0.0,0.0,16,14,119.59557900000173,168.82782259999806
pivot_wide_9_35,capped_5x,0.005,2025-Q4,100000.0,0.7843068596000036,19,0.631578947368421,2.2807273965042847,2.4965805869103934,-0.43201240872271757,1.0210526315789494,1.021052631578949,0.0006535793155906151,0.0016904762788558308,19,1.0,0.0,0.0,0.0,13,6,916.4237635999998,-132.11690399999443
pivot_wide_9_35,capped_5x,0.005,2024-2025-Full,100000.0,4.147177561400062,188,0.5053191489361702,1.6957183843942525,1.7927878185027764,-0.9913158734533861,0.6170212765957477,0.6170212765957476,0.0005532600478981426,0.0035491490942030006,188,1.0,0.0,0.0,0.0,106,82,2963.4430776000045,1183.7344838000045
tpe_trial_490,capped_3x,0.005,2024-Q1,100000.0,0.8861997350274375,17,0.7647058823529411,10.16298547968749,8.375536419440781,-0.0640619644725783,2.1633653125599284,2.163365312559928,0.00024015944587001717,0.00048536247417974043,17,1.0,0.0,0.0,0.0,5,12,394.18738881541276,492.0123462120323
tpe_trial_490,capped_3x,0.005,2024-Q2,100000.0,0.6953236287782882,24,0.5416666666666666,3.221451795446719,4.771063874504899,-0.16104049859824654,1.240717096396621,1.240717096396621,0.00026340551928521176,0.0004435105294553583,24,1.0,0.0,0.0,0.0,9,15,280.54244808187633,414.7811806964457
tpe_trial_490,capped_3x,0.005,2024-Q3,100000.0,0.5664833527262214,22,0.4090909090909091,2.813569177993665,4.094913709153967,-0.23096094601942485,0.6922898350408077,0.6922898350408078,0.00026903984698776757,0.0010386472254477204,22,1.0,0.0,0.0,0.0,9,13,201.95783901691152,364.52551370934344
tpe_trial_490,capped_3x,0.005,2024-Q4,100000.0,0.5505308176478652,29,0.41379310344827586,2.0758258464075667,3.4954743847755942,-0.2045151769477379,0.7117414423401186,0.7117414423401183,0.0002927817377755741,0.0010453445772984483,29,1.0,0.0,0.0,0.0,17,12,238.92383549064215,311.6069821572374
tpe_trial_490,capped_3x,0.005,2025-Q1,100000.0,1.306813836512255,30,0.5666666666666667,5.629870063910375,7.565574501552475,-0.1462693335988076,1.3441348085379956,1.344134808537996,0.00026125633066015303,0.0008211667433401183,30,1.0,0.0,0.0,0.0,14,16,940.6310366512569,366.1827998610058
tpe_trial_490,capped_3x,0.005,2025-Q2,100000.0,0.2978969906741069,19,0.47368421052631576,2.0234417762011554,2.218109898693518,-0.204753527311842,0.9594934932051534,0.9594934932051531,0.0002518744652211759,0.0006714502200000055,19,1.0,0.0,0.0,0.0,10,9,234.97431608741354,62.922674586680145
tpe_trial_490,capped_3x,0.005,2025-Q3,100000.0,0.18232369237067836,20,0.6,2.085860470450413,2.720818274694386,-0.11935389877567609,1.4820250913931692,1.4820250913931692,0.00013967605236401957,0.00032037371873524487,20,1.0,0.0,0.0,0.0,10,10,-26.90428603001022,209.2279784007201
tpe_trial_490,capped_3x,0.005,2025-Q4,100000.0,0.33189778170559237,26,0.4230769230769231,1.9364953192390018,2.3898270974590607,-0.14520802581006936,0.7501458977772308,0.7501458977772306,0.00022007993008340816,0.000945083437850228,26,1.0,0.0,0.0,0.0,8,18,-100.25202290194657,432.14980460754987
tpe_trial_490,capped_3x,0.005,2024-2025-Full,100000.0,4.915086404558688,187,0.5133689839572193,3.055412699892456,4.420551961469284,-0.23096906665178388,1.1236578322080646,1.1236578322080648,0.00024572964475796087,0.0010448155099609382,187,1.0,0.0,0.0,0.0,82,105,2204.2714130966206,2710.81499146197
tpe_trial_490,capped_5x,0.005,2024-Q1,100000.0,2.479310625014053,17,0.7647058823529411,10.13502718632242,8.37692093002738,-0.17784400602660944,2.1633653125599284,2.163365312559928,0.0006672804975839722,0.0013485822840812692,17,1.0,0.0,0.0,0.0,5,12,1102.282287714886,1377.0283372992083
tpe_trial_490,capped_5x,0.005,2024-Q2,100000.0,1.941543299457682,24,0.5416666666666666,3.216523100601358,4.772614746598821,-0.44690595037418446,1.2407170963966208,1.240717096396621,0.0007318472291751383,0.0012319860396864215,24,1.0,0.0,0.0,0.0,9,15,782.7596706188228,1158.7836288388448
tpe_trial_490,capped_5x,0.005,2024-Q3,100000.0,1.577511987555269,22,0.4090909090909091,2.814489863439247,4.091977001471499,-0.6405735193540997,0.6922898350408077,0.6922898350408078,0.0007474844595422348,0.0028851949641142925,22,1.0,0.0,0.0,0.0,9,13,558.7164496206451,1018.7955379346632
tpe_trial_490,capped_5x,0.005,2024-Q4,100000.0,1.5331361676172328,29,0.41379310344827586,2.0752124690394824,3.4954646158670997,-0.5674840705500392,0.7117414423401186,0.7117414423401183,0.000813476777038272,0.002903512780285079,29,1.0,0.0,0.0,0.0,17,12,665.5549993215484,867.5811682956903
tpe_trial_490,capped_5x,0.005,2025-Q1,100000.0,3.667268911055177,30,0.5666666666666667,5.613700536755805,7.567154114213965,-0.40604381908211934,1.3441348085379956,1.344134808537996,0.0007259501613218475,0.0022807701982629058,30,1.0,0.0,0.0,0.0,14,16,2643.612633252989,1023.6562778022052
tpe_trial_490,capped_5x,0.005,2025-Q2,100000.0,0.8277904709452111,19,0.47368421052631576,2.02240045774577,2.219244619952773,-0.5675416595526774,0.9594934932051534,0.9594934932051531,0.0006997523842055536,0.0018655862400000155,19,1.0,0.0,0.0,0.0,10,9,653.3240431498442,174.4664277953841
tpe_trial_490,capped_5x,0.005,2025-Q3,100000.0,0.5073200963395363,20,0.6,2.0858108389664003,2.7231948719673436,-0.3312749818825517,1.4820250913931692,1.4820250913931692,0.0003881454810109203,0.0008899635275643619,20,1.0,0.0,0.0,0.0,10,10,-74.84453185768317,582.1646281971962
tpe_trial_490,capped_5x,0.005,2025-Q4,100000.0,0.9218677865789893,26,0.4230769230769231,1.9325765057068522,2.3897261894170496,-0.40296103531322236,0.7501458977772308,0.7501458977772311,0.0006114958684524648,0.002625689855826895,26,1.0,0.0,0.0,0.0,8,18,-279.3009651775731,1201.1687517565522
tpe_trial_490,capped_5x,0.005,2024-2025-Full,100000.0,14.234597058470877,187,0.5133689839572193,3.034556627503303,4.421274171635539,-0.6405234253031344,1.1236578322080646,1.1236578322080648,0.0006827833815015159,0.0029040197966702765,187,1.0,0.0,0.0,0.0,82,105,6372.11385770208,7862.483200768783
tpe_trial_262,capped_3x,0.005,2024-Q1,100000.0,0.5581950500900046,12,0.6666666666666666,5.247313262081777,3.6787826048980983,-0.19870131026486856,1.9541341552277813,1.9541341552277811,0.00027618902478064047,0.0005491178293510936,12,1.0,0.0,0.0,0.0,3,9,115.11169139447863,443.08335869554105
tpe_trial_262,capped_3x,0.005,2024-Q2,100000.0,0.3736496571311365,20,0.45,2.3343691835448896,2.995528394934532,-0.14815638848027238,0.9940405547787556,0.9940405547787556,0.00023489785206679245,0.0003830570484480899,20,1.0,0.0,0.0,0.0,8,12,44.94795808188022,328.701699049233
tpe_trial_262,capped_3x,0.005,2024-Q3,100000.0,0.13915535311876948,16,0.375,1.5603771227136591,1.2103543694514756,-0.2183313080053026,0.6617004623156219,0.661700462315622,0.00022577424690825858,0.0005168579606596073,16,1.0,0.0,0.0,0.0,5,11,-17.43993919491534,156.5952923136648
tpe_trial_262,capped_3x,0.005,2024-Q4,100000.0,0.3276089705241292,14,0.42857142857142855,1.9933180557684667,3.064150925692338,-0.16896787640333152,0.8990862426464342,0.8990862426464341,0.00037191122634284583,0.0010443986467600745,14,1.0,0.0,0.0,0.0,5,9,-45.9041013191008,373.5130718432505
tpe_trial_262,capped_3x,0.005,2025-Q1,100000.0,0.959611961598017,16,0.625,9.453940588849433,6.419671554329542,-0.1459125993014159,1.7695007705260484,1.7695007705260482,0.00026544485595676417,0.0008213077124053378,16,1.0,0.0,0.0,0.0,7,9,754.5216502940261,205.09031130397767
tpe_trial_262,capped_3x,0.005,2025-Q2,100000.0,0.24905333350893066,12,0.5,2.7860246955534045,2.96844166850968,-0.12190078582832292,1.2156006164208266,1.2156006164208264,0.000210353158619128,0.0006714502200000055,12,1.0,0.0,0.0,0.0,7,5,227.8404262691053,21.212907239823025
tpe_trial_262,capped_3x,0.005,2025-Q3,100000.0,0.1515429268800439,11,0.5454545454545454,2.8904261467659236,2.714305047949751,-0.09413218140058995,1.4170188542772695,1.4170188542772693,0.0001342201835776937,0.0002887156000000067,11,1.0,0.0,0.0,0.0,4,7,-13.147145122632296,164.69007200265423
tpe_trial_262,capped_3x,0.005,2025-Q4,100000.0,-0.005244657557323951,15,0.3333333333333333,0.977462056453193,-0.06218131082484172,-0.11215154622669239,0.47706707761389694,0.477067077613897,0.00019930395908854766,0.0005078942621544346,15,1.0,0.0,0.0,0.0,4,11,-34.42718326413359,29.182525706817245
tpe_trial_262,capped_3x,0.005,2024-2025-Full,100000.0,2.7831631317670302,116,0.4827586206896552,2.7655072408045056,3.0346265769188085,-0.2182501254018202,1.1392005951649447,1.139200595164945,0.0002419651788765907,0.0010447768988755739,116,1.0,0.0,0.0,0.0,43,73,1045.3781391509283,1737.7849926161368
tpe_trial_262,capped_5x,0.005,2024-Q1,100000.0,1.556496020315934,12,0.6666666666666666,5.234786341031497,3.68336440811384,-0.5504483927079515,1.9541341552277807,1.9541341552277807,0.0007672625914973359,0.001525298125554469,12,1.0,0.0,0.0,0.0,3,9,322.18132129455245,1234.3146990214032
tpe_trial_262,capped_5x,0.005,2024-Q2,100000.0,1.040329395540307,20,0.45,2.3333386421947644,2.99773582778021,-0.4111292525181609,0.9940405547787556,0.9940405547787556,0.0006525942393129423,0.001064420940626736,20,1.0,0.0,0.0,0.0,8,12,125.4606904369938,914.8687051032922
tpe_trial_262,capped_5x,0.005,2024-Q3,100000.0,0.3862956798136308,16,0.375,1.5598029050519662,1.2123267609563912,-0.6050290792629058,0.661700462315622,0.661700462315622,0.0006272782259869037,0.0014359308283015803,16,1.0,0.0,0.0,0.0,5,11,-48.653343421997114,434.9490232356327
tpe_trial_262,capped_5x,0.005,2024-Q4,100000.0,0.9100983394964235,14,0.42857142857142855,1.989974734045663,3.060955934742365,-0.46911031774534645,0.8990862426464342,0.8990862426464341,0.0010334187977323064,0.0029031305199351477,14,1.0,0.0,0.0,0.0,5,9,-130.48767532719148,1040.5860148236052
tpe_trial_262,capped_5x,0.005,2025-Q1,100000.0,2.6839144454757102,16,0.625,9.456401300879515,6.4224367054964056,-0.40441637872604574,1.7695007705260486,1.7695007705260482,0.00073754274253614,0.002281354815920855,16,1.0,0.0,0.0,0.0,7,9,2109.6289598005,574.285485675207
tpe_trial_262,capped_5x,0.005,2025-Q2,100000.0,0.692146876345201,12,0.5,2.782102701550578,2.967012547157651,-0.3383646779958896,1.2156006164208264,1.2156006164208264,0.0005844942765443968,0.0018655862400000155,12,1.0,0.0,0.0,0.0,7,5,632.6958064993805,59.45106984579622
tpe_trial_262,capped_5x,0.005,2025-Q3,100000.0,0.42131590553056153,11,0.5454545454545454,2.88894633265596,2.7135512515381204,-0.26148375237800425,1.4170188542772695,1.4170188542772693,0.000373134304394883,0.0008026596000000186,11,1.0,0.0,0.0,0.0,4,7,-36.472356850359205,457.78826238093336
tpe_trial_262,capped_5x,0.005,2025-Q4,100000.0,-0.015354235375053538,15,0.3333333333333333,0.9762661803325287,-0.0627479358900255,-0.3114128339591873,0.47706707761389694,0.4770670776138968,0.0005538053917752445,0.0014113380039187905,15,1.0,0.0,0.0,0.0,4,11,-95.98646054573562,80.63222517069352
tpe_trial_262,capped_5x,0.005,2024-2025-Full,100000.0,7.911574074548344,116,0.4827586206896552,2.7590865878205357,3.03561842239245,-0.6050563067226554,1.139200595164945,1.139200595164945,0.0006723340086650506,0.002903446216451302,116,1.0,0.0,0.0,0.0,43,73,2990.263716452225,4921.31035809611
