position_mode,risk_per_trade_pct,period,start_time,end_time,initial_cash,ending_equity,net_profit,total_return,total_trades,winning_trades,losing_trades,win_rate,profit_factor,sharpe_ratio,avg_r,median_r,total_r,expectancy_r,max_drawdown,max_drawdown_pct,long_trades,short_trades,long_pnl,short_pnl,total_fees,total_slippage_cost,gross_profit,gross_loss,cost_as_pct_of_gross_profit,avg_qty,avg_notional,max_notional,avg_notional_pct,max_notional_pct,skipped_trades,cap_hit_count,cap_hit_rate,avg_actual_risk_pct,max_actual_risk_pct,avg_target_risk_pct,max_target_risk_pct
capped_1x,0.005,2024-Q1,2024-01-01,2024-04-01,100000,100235.4017096315,235.40170963149285,0.23540170963149976,32,16,16,0.5,1.0373820163993834,0.21985136569320593,0.0679504646714862,-0.26548918849779574,2.1744148694875585,0.06795046467148613,-3.491766249522187,-3.491766249522187,18,14,120.77471368834597,114.62699594314086,2519.70772516848,638.3210000000001,6532.59304132673,6297.191331695243,48.34265207077868,1.994753125,98420.11740096875,101463.12000000001,98.42011740096875,101.46312000000002,0,30,0.9375,0.0026181593018362575,0.004999847729338705,0.005,0.005
capped_1x,0.005,2024-Q2,2024-04-01,2024-07-01,100000,99403.14358999865,-596.8564100013464,-0.5968564100013452,28,13,15,0.4642857142857143,0.8865051764001863,-0.5230650902050732,-0.14872832645895476,-1.1937791857243882,-4.164393140850733,-0.14872832645895484,-2.204989084253884,-2.204989084253884,12,16,-1287.0113098589622,690.1548998576504,2148.2450256012803,409.673,4662.0302164570585,5258.88662645837,54.86704089930134,1.4631178571428571,95943.79043249998,101282.152,95.94379043249998,101.282152,0,25,0.8928571428571429,0.002309745199558233,0.004999863304960537,0.005,0.005
capped_1x,0.005,2024-Q3,2024-07-01,2024-10-01,100000,100706.04395872081,706.0439587208093,0.7060439587208034,39,22,17,0.5641025641025641,1.126168021511009,0.66549051207531,0.16615745907242807,0.9819573206121188,6.480140903824695,0.16615745907242807,-1.3422556440735112,-1.3422556440735112,19,20,-630.7059710875956,1336.7499298084067,3084.9365192792006,635.1520000000002,6302.105070444004,5596.061111723191,59.029300173459475,1.628594871794872,98903.33021823075,101415.6,98.90333021823075,101.41560000000001,0,36,0.9230769230769231,0.0019963203732779405,0.004999965729080004,0.005000000000000001,0.005
capped_1x,0.005,2024-Q4,2024-10-01,2025-01-01,100000,103605.07592312635,3605.075923126351,3.605075923126355,29,18,11,0.6206896551724138,2.091833743843842,3.0315854343241586,0.4440217046579309,1.4650288064286998,12.876629435079996,0.444021704657931,-1.097664620661949,-1.097664620661949,15,14,2132.2233480382147,1472.8525750881693,2333.0595536736,372.04900000000004,6906.930205843986,3301.854282717603,39.1651352055765,1.2829275862068963,100550.08248903447,102962.47788100001,100.55008248903448,102.96247788100001,0,28,0.9655172413793104,0.002114429334003027,0.004999628896026699,0.005000000000000001,0.005
capped_1x,0.005,2025-Q1,2025-01-01,2025-04-01,100000,102625.53007667295,2625.530076672949,2.625530076672944,20,13,7,0.65,2.11545725867201,2.9652063976656424,0.4979475501319694,1.3673954914841295,9.958951002639388,0.49794755013196934,-1.2191392280993838,-1.2191392280993838,10,10,1360.907186910515,1264.6228897624171,1527.6512411271199,208.227,4979.300296249713,2353.770219576781,34.861890985657986,1.0411350000000001,95477.86432630001,102484.81650000002,95.47786432630001,102.48481650000001,0,18,0.9,0.0022783815893939454,0.0049999568861163555,0.005000000000000001,0.005
capped_1x,0.005,2025-Q2,2025-04-01,2025-07-01,100000,101900.89504418484,1900.8950441848428,1.9008950441848471,32,20,12,0.625,1.5593824937811864,2.191620889967359,0.3378630325190019,1.2313212683927584,10.811617040608061,0.33786303251900196,-0.8292679291108194,-0.8292679291108194,18,14,-32.63164768263334,1933.5266918675022,2572.0087352151204,326.676,5299.097643153654,3398.2025989687854,54.701478070708376,1.0208625,100494.0025399375,102051.587085,100.4940025399375,102.05158708500002,0,32,1.0,0.0017212512338064569,0.004755073492638777,0.005,0.005
capped_1x,0.005,2025-Q3,2025-07-01,2025-10-01,100000,101722.06901239112,1722.069012391119,1.7220690123911142,30,18,12,0.6,1.6693049282460286,2.1874878416209222,0.17794621960892287,0.6164074603703822,5.338386588267686,0.17794621960892276,-1.010472649407097,-1.010472649407097,13,17,1520.315103933079,201.7539084580057,2434.4324698090404,267.44599999999997,4294.990471230354,2572.9214588392697,62.907670876276775,0.8914866666666668,101418.71366416666,102303.16851999999,101.41871366416666,102.30316851999999,0,30,1.0,0.0014478477621452962,0.00397597822848519,0.005000000000000001,0.005
capped_1x,0.005,2025-Q4,2025-10-01,2026-01-01,100000,101335.07867729032,1335.078677290323,1.3350786772903245,25,13,12,0.52,1.3647004799544886,1.3929146695029613,0.0807588409638021,0.7174145267614459,2.0189710240950527,0.08075884096380193,-1.2526499358960521,-1.2526499358960521,15,10,1007.8032137928922,327.275463497415,2004.3606619097604,251.49,4995.832503161097,3660.753825870789,45.154649610097586,1.00596,100195.55232516,101710.686,100.19555232516,101.710686,0,24,0.96,0.002142551172398058,0.004999705203629064,0.005,0.005
capped_1x,0.005,2024-2025-Full,2024-01-01,2026-01-01,100000,112064.35121089935,12064.351210899345,12.06435121089935,235,133,102,0.5659574468085107,1.361477108947026,1.4181423224021992,0.1935945435027732,1.0242480630890374,45.4947177231517,0.1935945435027734,-3.491766249522187,-3.491766249522187,120,115,4489.348414973701,7575.002795925679,19283.0768607008,3188.987,45439.49700102302,33375.14579012363,49.45491333276614,1.3570157446808508,102575.15149085957,112472.51400000001,102.57515149085957,112.472514,0,223,0.948936170212766,0.0020650050158932606,0.004999980447006301,0.004999999999999999,0.005
capped_1x,0.01,2024-Q1,2024-01-01,2024-04-01,100000,100749.8726283897,749.8726283896976,0.7498726283897028,32,16,16,0.5,1.117688027661221,0.6091240084255528,0.06795046467148619,-0.26548918849779596,2.174414869487558,0.06795046467148624,-3.4917603274319906,-3.4917603274319906,18,14,634.877423523626,114.99520486610083,2558.00239761024,646.112,7121.57112051097,6371.698492121244,44.99167870951974,2.0191,99907.25941915625,101605.930731,99.90725941915626,101.605930731,0,32,1.0,0.0027266952292079824,0.007854183123968213,0.01,0.01
capped_1x,0.01,2024-Q2,2024-04-01,2024-07-01,100000,100855.76198253372,855.761982533717,0.8557619825337204,28,13,15,0.4642857142857143,1.155046631073239,0.6726251419452076,-0.14872832645895473,-1.1937791857243882,-4.164393140850732,-0.14872832645895484,-2.3126580866242175,-2.3126580866242175,12,16,-1300.9041631580822,2156.6661456918055,2254.76132426624,430.259,6375.146548390492,5519.384565856768,42.11699768602365,1.5366392857142857,100727.20724239286,102639.46535,100.72720724239286,102.63946535,0,27,0.9642857142857143,0.002655342354520427,0.009999288121845331,0.01,0.01
capped_1x,0.01,2024-Q3,2024-07-01,2024-10-01,100000,100239.23427683843,239.234276838426,0.23923427683842924,39,22,17,0.5641025641025641,1.0395035048493975,0.2322863212973876,0.16615745907242813,0.9819573206121188,6.480140903824697,0.16615745907242807,-1.6363810421015499,-1.6363810421015499,19,20,-1094.0351062722336,1333.269383110647,3131.5573483616,644.9470000000001,6295.260893982001,6056.02661714359,59.9896400159011,1.6537102564102566,100402.70738615385,101415.6,100.40270738615385,101.41560000000001,0,39,1.0,0.0020994202215519676,0.007130934918669835,0.010000000000000002,0.01
capped_1x,0.01,2024-Q4,2024-10-01,2025-01-01,100000,103610.12262237741,3610.122622377414,3.6101226223774097,29,18,11,0.6206896551724138,2.0933621878086335,3.0327810969077778,0.4440217046579309,1.4650288064286996,12.876629435079996,0.444021704657931,-1.097664620661949,-1.097664620661949,15,14,2137.251451678615,1472.8711706988092,2333.46955202256,372.10200000000003,6911.976905095027,3301.854282717603,39.14323773316142,1.2831103448275862,100567.66079979308,102971.97889400001,100.56766079979309,102.971978894,0,29,1.0,0.002115269089439866,0.005024052370518784,0.010000000000000002,0.01
capped_1x,0.01,2025-Q1,2025-01-01,2025-04-01,100000,102528.81049445532,2528.8104944553197,2.5288104944553247,20,13,7,0.65,1.8776266656666372,2.518375846770008,0.4979475501319694,1.3673954914841293,9.958951002639388,0.49794755013196934,-1.7502188564258774,-1.7502188564258774,10,10,1276.3731091197096,1252.4373853356171,1577.5974513447202,214.817,5410.2298876713085,2881.4193932159815,33.13009776958328,1.074085,98599.74689805001,102391.840584,98.59974689805001,102.39184058400002,0,19,0.95,0.0026371167166369886,0.009999913772232711,0.010000000000000002,0.01
capped_1x,0.01,2025-Q2,2025-04-01,2025-07-01,100000,101900.89504418484,1900.8950441848428,1.9008950441848471,32,20,12,0.625,1.5593824937811864,2.191620889967359,0.3378630325190019,1.2313212683927584,10.811617040608061,0.33786303251900196,-0.8292679291108194,-0.8292679291108194,18,14,-32.63164768263334,1933.5266918675022,2572.0087352151204,326.676,5299.097643153654,3398.2025989687854,54.701478070708376,1.0208625,100494.0025399375,102051.587085,100.4940025399375,102.05158708500002,0,32,1.0,0.0017212512338064569,0.004755073492638777,0.01,0.01
capped_1x,0.01,2025-Q3,2025-07-01,2025-10-01,100000,101722.06901239112,1722.069012391119,1.7220690123911142,30,18,12,0.6,1.6693049282460286,2.1874878416209222,0.17794621960892287,0.6164074603703822,5.338386588267686,0.17794621960892276,-1.010472649407097,-1.010472649407097,13,17,1520.315103933079,201.7539084580057,2434.4324698090404,267.44599999999997,4294.990471230354,2572.9214588392697,62.907670876276775,0.8914866666666668,101418.71366416666,102303.16851999999,101.41871366416666,102.30316851999999,0,30,1.0,0.0014478477621452962,0.00397597822848519,0.010000000000000002,0.01
capped_1x,0.01,2025-Q4,2025-10-01,2026-01-01,100000,101310.31746038483,1310.317460384831,1.3103174603848355,25,13,12,0.52,1.3555408481689355,1.3612161616185625,0.0807588409638021,0.7174145267614459,2.0189710240950527,0.08075884096380204,-1.285559298491946,-1.285559298491946,15,10,982.9346836965719,327.382776688215,2007.5033406152802,251.91400000000002,4995.737763376777,3685.42030299199,45.226900362521604,1.007656,100353.11252228002,102141.41292000002,100.35311252228001,102.14141292000001,0,25,1.0,0.002150833783193158,0.005206765612024444,0.01,0.01
capped_1x,0.01,2024-2025-Full,2024-01-01,2026-01-01,100000,113626.2448203903,13626.244820390304,13.626244820390298,235,133,102,0.5659574468085107,1.3878012873084384,1.496445725428453,0.19359454350277325,1.0242480630890374,45.494717723151716,0.19359454350277328,-3.4917603274319906,-3.4917603274319906,120,115,4479.923436401698,9146.321383988638,19771.952964609838,3271.5300000000007,48763.427873505556,35137.18305311522,47.25566673529521,1.3921404255319147,105178.75002581702,114559.00434000001,105.17875002581702,114.55900434000002,0,233,0.9914893617021276,0.002169586302455282,0.009999510841874617,0.009999999999999998,0.01
capped_1x,0.02,2024-Q1,2024-01-01,2024-04-01,100000,100749.8726283897,749.8726283896976,0.7498726283897028,32,16,16,0.5,1.117688027661221,0.6091240084255528,0.06795046467148619,-0.26548918849779596,2.174414869487558,0.06795046467148624,-3.4917603274319906,-3.4917603274319906,18,14,634.877423523626,114.99520486610083,2558.00239761024,646.112,7121.57112051097,6371.698492121244,44.99167870951974,2.0191,99907.25941915625,101605.930731,99.90725941915626,101.605930731,0,32,1.0,0.0027266952292079824,0.007854183123968213,0.02,0.02
capped_1x,0.02,2024-Q2,2024-04-01,2024-07-01,100000,101395.66700698964,1395.6670069896354,1.3956670069896315,28,13,15,0.4642857142857143,1.2516062009811848,1.0333904483183494,-0.14872832645895476,-1.193779185724388,-4.164393140850733,-0.14872832645895484,-2.3126152584603226,-2.3126152584603226,12,16,-1307.8226156108024,2703.489622600442,2282.16065721032,435.56600000000003,6942.696458358408,5547.029451368767,39.14511708110775,1.5555928571428572,101960.64190685714,103191.25335,101.96064190685715,103.19125334999998,0,28,1.0,0.002747209096021781,0.012571864946522182,0.02,0.02
capped_1x,0.02,2024-Q3,2024-07-01,2024-10-01,100000,100239.23427683843,239.234276838426,0.23923427683842924,39,22,17,0.5641025641025641,1.0395035048493975,0.2322863212973876,0.16615745907242813,0.9819573206121188,6.480140903824697,0.16615745907242807,-1.6363810421015499,-1.6363810421015499,19,20,-1094.0351062722336,1333.269383110647,3131.5573483616,644.9470000000001,6295.260893982001,6056.02661714359,59.9896400159011,1.6537102564102566,100402.70738615385,101415.6,100.40270738615385,101.41560000000001,0,39,1.0,0.0020994202215519676,0.007130934918669835,0.020000000000000004,0.02
capped_1x,0.02,2024-Q4,2024-10-01,2025-01-01,100000,103610.12262237741,3610.122622377414,3.6101226223774097,29,18,11,0.6206896551724138,2.0933621878086335,3.0327810969077778,0.4440217046579309,1.4650288064286996,12.876629435079996,0.444021704657931,-1.097664620661949,-1.097664620661949,15,14,2137.251451678615,1472.8711706988092,2333.46955202256,372.10200000000003,6911.976905095027,3301.854282717603,39.14323773316142,1.2831103448275862,100567.66079979308,102971.97889400001,100.56766079979309,102.971978894,0,29,1.0,0.002115269089439866,0.005024052370518784,0.020000000000000004,0.02
capped_1x,0.02,2025-Q1,2025-01-01,2025-04-01,100000,102216.76991853885,2216.7699185388483,2.2167699185388523,20,13,7,0.65,1.6974441042363688,2.1083373070517277,0.4979475501319695,1.3673954914841295,9.95895100263939,0.49794755013196934,-2.0491737961170426,-2.0491737961170426,10,10,971.521946106749,1245.2479724320972,1591.5370988611999,216.438,5395.189386240827,3178.419467701982,33.51087365852289,1.08219,99477.9307306,102079.103412,99.4779307306,102.079103412,0,20,1.0,0.0027778154314276977,0.0128144856925633,0.020000000000000004,0.02
capped_1x,0.02,2025-Q2,2025-04-01,2025-07-01,100000,101900.89504418484,1900.8950441848428,1.9008950441848471,32,20,12,0.625,1.5593824937811864,2.191620889967359,0.3378630325190019,1.2313212683927584,10.811617040608061,0.33786303251900196,-0.8292679291108194,-0.8292679291108194,18,14,-32.63164768263334,1933.5266918675022,2572.0087352151204,326.676,5299.097643153654,3398.2025989687854,54.701478070708376,1.0208625,100494.0025399375,102051.587085,100.4940025399375,102.05158708500002,0,32,1.0,0.0017212512338064569,0.004755073492638777,0.02,0.02
capped_1x,0.02,2025-Q3,2025-07-01,2025-10-01,100000,101722.06901239112,1722.069012391119,1.7220690123911142,30,18,12,0.6,1.6693049282460286,2.1874878416209222,0.17794621960892287,0.6164074603703822,5.338386588267686,0.17794621960892276,-1.010472649407097,-1.010472649407097,13,17,1520.315103933079,201.7539084580057,2434.4324698090404,267.44599999999997,4294.990471230354,2572.9214588392697,62.907670876276775,0.8914866666666668,101418.71366416666,102303.16851999999,101.41871366416666,102.30316851999999,0,30,1.0,0.0014478477621452962,0.00397597822848519,0.020000000000000004,0.02
capped_1x,0.02,2025-Q4,2025-10-01,2026-01-01,100000,101310.31746038483,1310.317460384831,1.3103174603848355,25,13,12,0.52,1.3555408481689355,1.3612161616185625,0.0807588409638021,0.7174145267614459,2.0189710240950527,0.08075884096380204,-1.285559298491946,-1.285559298491946,15,10,982.9346836965719,327.382776688215,2007.5033406152802,251.91400000000002,4995.737763376777,3685.42030299199,45.226900362521604,1.007656,100353.11252228002,102141.41292000002,100.35311252228001,102.14141292000001,0,25,1.0,0.002150833783193158,0.005206765612024444,0.02,0.02
capped_1x,0.02,2024-2025-Full,2024-01-01,2026-01-01,100000,113886.98618333071,13886.986183330708,13.886986183330707,235,133,102,0.5659574468085107,1.3903921853066519,1.5023146856048912,0.1935945435027732,1.0242480630890376,45.4947177231517,0.19359454350277328,-3.4917603274319906,-3.4917603274319906,120,115,4168.81217986338,9718.174003467353,19870.809152269445,3287.4930000000004,49458.87185625355,35571.88567292283,46.82335298624755,1.398933191489362,105706.45690845534,114818.67018,105.70645690845532,114.81867018,0,235,1.0,0.002192512039711997,0.01281397608172449,0.019999999999999997,0.02
capped_2x,0.005,2024-Q1,2024-01-01,2024-04-01,100000,100874.99844004751,874.9984400475078,0.874998440047503,32,16,16,0.5,1.0913420619599403,0.5346896409542201,0.06795046467148619,-0.265489188497796,2.174414869487558,0.06795046467148613,-4.99722147197348,-4.99722147197348,18,14,-749.5494256091068,1624.5478656566165,4358.88134595248,1108.26,10454.357842195172,9579.359402147664,52.29533395046393,3.4633125000000002,170297.16856615624,205543.80000000002,170.29716856615624,205.5438,0,18,0.5625,0.004042683741202542,0.0049999896033285736,0.005,0.005
capped_2x,0.005,2024-Q2,2024-04-01,2024-07-01,100000,98655.56441011919,-1344.4355898808135,-1.3444355898808102,28,13,15,0.4642857142857143,0.8400780962929438,-0.7517835427693973,-0.14872832645895478,-1.193779185724388,-4.164393140850734,-0.14872832645895484,-3.6298115678342144,-3.6298115678342144,12,16,-1704.236686967608,359.80109708682403,3860.9028360807206,734.9490000000001,7062.390233950763,8406.825823831545,65.0750197006568,2.6248178571428573,172406.65716210715,203935.308,172.40665716210714,203.93530799999996,0,16,0.5714285714285714,0.003622404809782685,0.004999947951399069,0.005,0.005
capped_2x,0.005,2024-Q3,2024-07-01,2024-10-01,100000,102242.68175661328,2242.6817566132813,2.242681756613285,39,22,17,0.5641025641025641,1.2476783489837862,1.2187795698177182,0.16615745907242813,0.9819573206121187,6.480140903824696,0.16615745907242807,-2.6704993617192243,-2.6704993617192243,19,20,114.19703527704769,2128.4847213362577,5782.774251386719,1189.6130000000003,11297.497269616093,9054.815513002788,61.71621098894633,3.0502897435897443,185375.98722564103,204852.42,185.37598722564104,204.85242000000002,0,32,0.8205128205128205,0.0033386965358279852,0.004999939725322584,0.005000000000000001,0.005
capped_2x,0.005,2024-Q4,2024-10-01,2025-01-01,100000,105910.3455914074,5910.3455914074,5.9103455914073955,29,18,11,0.6206896551724138,1.9941410161131665,3.058814683649039,0.4440217046579309,1.4650288064286996,12.876629435079996,0.4440217046579309,-2.012638990785883,-2.012638990785883,15,14,3000.567888184117,2909.7777032233034,4367.340326392561,696.4509999999999,11855.523886651026,5945.178295243605,42.712505788919565,2.401555172413793,188247.54551400003,208586.67591900003,188.24754551400002,208.58667591900004,0,20,0.6896551724137931,0.0036904805397053953,0.004999995049139549,0.005000000000000001,0.005
capped_2x,0.005,2025-Q1,2025-01-01,2025-04-01,100000,103863.6573173751,3863.657317375095,3.863657317375102,20,13,7,0.65,2.0251502288588115,2.664496497564888,0.49794755013196934,1.3673954914841295,9.958951002639386,0.49794755013196923,-1.5255151646447795,-1.5255151646447795,10,10,2205.120174692483,1658.5371426826478,2784.1251222249603,377.89900000000006,7632.526707060699,3768.869389685569,41.42827458828064,1.8894950000000001,173995.2704863,207175.697916,173.9952704863,207.175697916,0,14,0.7,0.0035537214181250777,0.0049999365121941594,0.005000000000000001,0.005
capped_2x,0.005,2025-Q2,2025-04-01,2025-07-01,100000,103247.21805891623,3247.218058916231,3.2472180589162347,32,20,12,0.625,1.5005277802993358,2.0903494833753555,0.33786303251900185,1.2313212683927584,10.81161704060806,0.33786303251900196,-1.4742724936155185,-1.4742724936155185,18,14,-664.6154733959728,3911.8335323122033,5038.023295683761,639.932,9734.806134395805,6487.588075479574,58.326331488225016,1.9997875,196859.9698221875,207115.496035,196.8599698221875,207.11549603499998,0,29,0.90625,0.003212724526047114,0.004999789435872938,0.005,0.005
capped_2x,0.005,2025-Q3,2025-07-01,2025-10-01,100000,103088.32984365177,3088.3298436517653,3.0883298436517714,30,18,12,0.6,1.6563920970094643,2.2727480399854727,0.1779462196089229,0.6164074603703822,5.338386588267687,0.17794621960892276,-1.8741172293368964,-1.8741172293368964,13,17,2552.8808855040047,535.4489581477711,4729.669197548481,519.9300000000001,7793.337502522545,4705.00765887077,67.36009053693995,1.7331000000000003,197048.29105180004,208265.775464,197.04829105180005,208.265775464,0,25,0.8333333333333334,0.0026194351353402328,0.004999955380812847,0.005000000000000001,0.005
capped_2x,0.005,2025-Q4,2025-10-01,2026-01-01,100000,101453.58035541195,1453.5803554119484,1.453580355411943,25,13,12,0.52,1.235927936307505,1.0281990334386628,0.08075884096380215,0.717414526761446,2.0189710240950536,0.08075884096380226,-2.2660286009636597,-2.2660286009636597,15,10,2204.284001713455,-750.7036463015181,3617.4279709881603,450.78600000000006,7614.700476080314,6161.120120668377,53.42579112293966,1.803144,180796.55126632002,204413.286,180.79655126632002,204.413286,0,18,0.72,0.0034184220457590233,0.004999981253619257,0.005,0.005
capped_2x,0.005,2024-2025-Full,2024-01-01,2026-01-01,100000,120863.16654942386,20863.166549423855,20.863166549423863,235,133,102,0.5659574468085107,1.3646106280473338,1.4767227850394926,0.1935945435027732,1.0242480630890374,45.4947177231517,0.19359454350277328,-4.99722147197348,-4.99722147197348,120,115,7906.509131423166,12956.657418000783,36866.85861417648,6003.557,78083.5681080847,57220.40155866076,54.90324872812481,2.554705106382979,196110.35735361703,243519.276,196.11035735361705,243.51927600000002,0,172,0.7319148936170212,0.003429586799250865,0.004999996601999964,0.004999999999999999,0.005
capped_2x,0.01,2024-Q1,2024-01-01,2024-04-01,100000,100405.72143179322,405.721431793223,0.40572143179322673,32,16,16,0.5,1.0321641624702664,0.21682411610367072,0.06795046467148617,-0.26548918849779596,2.1744148694875576,0.06795046467148602,-6.8780033042151825,-6.8780033042151825,18,14,161.30159878533073,244.41983300788092,5033.4322362067205,1276.442,13019.804953112098,12614.083521318888,48.46366177473714,3.98888125,196607.891733,205856.64,196.607891733,205.85664000000003,0,30,0.9375,0.0052363970873947055,0.009999926757537443,0.01,0.01
capped_2x,0.01,2024-Q2,2024-04-01,2024-07-01,100000,98759.233207303,-1240.7667926970025,-1.2407667926970012,28,13,15,0.4642857142857143,0.8825491115178011,-0.5249072629453806,-0.14872832645895473,-1.1937791857243882,-4.164393140850732,-0.14872832645895473,-4.365901957725258,-4.365901957725258,12,16,-2572.7516368044844,1331.9848441074607,4310.70495669696,822.0480000000001,9323.366086426116,10564.132879123139,55.0525733851611,2.9358857142857144,192521.33642700006,205134.168,192.52133642700008,205.13416800000002,0,25,0.8928571428571429,0.004619590291015577,0.009999937257573002,0.01,0.01
capped_2x,0.01,2024-Q3,2024-07-01,2024-10-01,100000,101368.4516079424,1368.4516079424066,1.3684516079424114,39,22,17,0.5641025641025641,1.1213424950857627,0.6656985331172405,0.16615745907242813,0.9819573206121189,6.480140903824696,0.16615745907242807,-2.670474894745609,-2.670474894745609,19,20,-1306.9973262312712,2675.4489341736935,6199.322998457601,1276.3730000000003,12646.047366750807,11277.595758808382,59.11488215766788,3.2727512820512823,198751.17960566664,205662.09000000003,198.75117960566664,205.66209000000003,0,36,0.9230769230769231,0.003992694075611002,0.009999827274814374,0.010000000000000002,0.01
capped_2x,0.01,2024-Q4,2024-10-01,2025-01-01,100000,107290.55514863254,7290.555148632542,7.290555148632549,29,18,11,0.6206896551724138,2.100579789692884,3.0386822748003683,0.4440217046579309,1.4650288064286998,12.876629435079996,0.444021704657931,-2.1853055492948505,-2.1853055492948505,15,14,4324.376812984109,2966.1783356484184,4692.489531967441,747.133,13914.84101768973,6624.285869057206,39.09223630404494,2.5763206896551725,202235.87519524136,211967.60003000003,202.23587519524136,211.96760003000003,0,28,0.9655172413793104,0.004228955836407465,0.009999677322258333,0.010000000000000002,0.01
capped_2x,0.01,2025-Q1,2025-01-01,2025-04-01,100000,105278.72880388032,5278.7288038803235,5.278728803880317,20,13,7,0.65,2.1217109413116977,2.96353510372239,0.49794755013196934,1.367395491484129,9.958951002639386,0.49794755013196923,-2.431854607836045,-2.431854607836045,10,10,2728.6515450337483,2550.077258846595,3056.7252723197607,416.9180000000001,9984.690571274305,4705.961767393963,34.789693756893605,2.0845899999999995,191045.01522640002,209998.78482,191.04501522640004,209.99878482,0,18,0.9,0.004556874155023754,0.009999982725688207,0.010000000000000002,0.01
capped_2x,0.01,2025-Q2,2025-04-01,2025-07-01,100000,103805.51081122384,3805.5108112238377,3.8055108112238445,32,20,12,0.625,1.5565088063686376,2.192624514306843,0.3378630325190019,1.2313212683927586,10.811617040608061,0.33786303251900196,-1.654816157858148,-1.654816157858148,18,14,-81.30745630582703,3886.818267529645,5169.426613576161,656.2570000000001,10643.69695971579,6838.186148491971,54.733647863380355,2.0508031250000003,201981.037439625,208238.5568,201.981037439625,208.2385568,0,32,1.0,0.0034426000044098003,0.009510868333347114,0.01,0.01
capped_2x,0.01,2025-Q3,2025-07-01,2025-10-01,100000,103448.25128411474,3448.25128411474,3.448251284114745,30,18,12,0.6,1.6587284345878073,2.189067320781555,0.17794621960892285,0.6164074603703822,5.338386588267685,0.17794621960892276,-2.0151341881158404,-2.0151341881158404,13,17,3069.016614132718,379.23466998201286,4937.824424885521,542.442,8682.95970576111,5234.708421646379,63.11518895163576,1.80814,205710.0760627667,209289.95791599998,205.7100760627667,209.289957916,0,30,1.0,0.002895767883209092,0.007952442725811238,0.010000000000000002,0.01
capped_2x,0.01,2025-Q4,2025-10-01,2026-01-01,100000,102644.05412632447,2644.054126324467,2.644054126324469,25,13,12,0.52,1.3585637614988815,1.3912205112098137,0.08075884096380218,0.717414526761446,2.0189710240950545,0.08075884096380226,-2.4940659835647883,-2.4940659835647883,15,10,2007.0405831872226,637.0135431372302,4022.7990424756804,505.089,10018.067928700033,7374.013802375577,45.19721841278461,2.0203560000000005,201094.85340924002,206809.68000000002,201.09485340924002,206.80968000000001,0,24,0.96,0.004285156689077313,0.009999573245246548,0.01,0.01
capped_2x,0.01,2024-2025-Full,2024-01-01,2026-01-01,100000,125146.62286892618,25146.622868926177,25.146622868926173,235,133,102,0.5659574468085107,1.3641173577774,1.4182560011817626,0.19359454350277325,1.0242480630890374,45.494717723151716,0.1935945435027734,-6.8780033042151825,-6.8780033042151825,120,115,9543.479864193894,15603.143004732352,40115.90461647416,6568.347,94208.48529268749,69061.86242376124,49.55418980725064,2.7950412765957453,213393.2360717447,252156.82800000004,213.39323607174472,252.15682800000002,0,223,0.948936170212766,0.0041300991233826695,0.009999981912882604,0.009999999999999998,0.01
capped_2x,0.02,2024-Q1,2024-01-01,2024-04-01,100000,101422.52410008818,1422.5241000881797,1.422524100088185,32,16,16,0.5,1.1114328380209861,0.6035162378776142,0.06795046467148616,-0.265489188497796,2.174414869487557,0.06795046467148613,-6.87804190172719,-6.87804190172719,18,14,1176.6851286178915,245.8389714702805,5110.29318451176,1291.875,14188.277224138259,12765.753124050087,45.12294257698791,4.037109375,199593.00042271876,206321.15526,199.59300042271877,206.32115525999998,0,32,1.0,0.005453472333321347,0.015708425657834122,0.02,0.02
capped_2x,0.02,2024-Q2,2024-04-01,2024-07-01,100000,101615.35611113298,1615.3561111329764,1.6153561111329706,28,13,15,0.4642857142857143,1.1441252283341394,0.6618610001718594,-0.14872832645895473,-1.1937791857243882,-4.164393140850732,-0.14872832645895473,-4.582811480073247,-4.582811480073247,12,16,-2627.314958687445,4242.67106982041,4573.1443326669605,872.6310000000001,12823.3599408853,11208.003829752335,42.4676165823276,3.1165392857142864,204294.01600403572,210514.01935000002,204.2940160040357,210.51401935,0,27,0.9642857142857143,0.005310812629673464,0.019999874515146003,0.02,0.02
capped_2x,0.02,2024-Q3,2024-07-01,2024-10-01,100000,100424.53831871106,424.5383187110565,0.4245383187110541,39,22,17,0.5641025641025641,1.0348159404607422,0.23117844696196527,0.16615745907242813,0.9819573206121189,6.480140903824697,0.16615745907242807,-3.26754490547604,-3.26754490547604,19,20,-2236.7822615285468,2661.3205802396133,6287.336573688961,1294.848,12618.329814585446,12193.791495874379,60.08865424427853,3.320123076923077,201582.2894186154,205662.09000000003,201.5822894186154,205.66209000000003,0,39,1.0,0.004198898909449103,0.01426192840312259,0.020000000000000004,0.02
capped_2x,0.02,2024-Q4,2024-10-01,2025-01-01,100000,107300.94265554925,7300.942655549254,7.3009426555492585,29,18,11,0.6206896551724138,2.10214788429539,3.0399174243406035,0.4440217046579309,1.4650288064286994,12.876629435079996,0.444021704657931,-2.1853055492948505,-2.1853055492948505,15,14,4334.654574680988,2966.288080868258,4693.36559245072,747.246,13925.228524606451,6624.285869057206,39.07017815066328,2.5767103448275863,202273.4453222069,211986.60205600003,202.2734453222069,211.98660205600004,0,29,1.0,0.00423064257431243,0.010048639423617554,0.020000000000000004,0.02
capped_2x,0.02,2025-Q1,2025-01-01,2025-04-01,100000,105059.46665019168,5059.46665019168,5.05946665019168,20,13,7,0.65,1.8803948987124055,2.511229934881845,0.4979475501319694,1.3673954914841295,9.958951002639388,0.49794755013196923,-3.4866357778972534,-3.4866357778972534,10,10,2558.4773814758173,2500.989268715876,3145.3924540084004,428.54499999999996,10806.281696020857,5746.815045829163,33.07277706192329,2.142725,196586.62625919998,209567.714664,196.5866262592,209.567714664,0,19,0.95,0.005274295206872887,0.019999657685837655,0.020000000000000004,0.02
capped_2x,0.02,2025-Q2,2025-04-01,2025-07-01,100000,103805.51081122384,3805.5108112238377,3.8055108112238445,32,20,12,0.625,1.5565088063686376,2.192624514306843,0.3378630325190019,1.2313212683927586,10.811617040608061,0.33786303251900196,-1.654816157858148,-1.654816157858148,18,14,-81.30745630582703,3886.818267529645,5169.426613576161,656.2570000000001,10643.69695971579,6838.186148491971,54.733647863380355,2.0508031250000003,201981.037439625,208238.5568,201.981037439625,208.2385568,0,32,1.0,0.0034426000044098003,0.009510868333347114,0.02,0.02
capped_2x,0.02,2025-Q3,2025-07-01,2025-10-01,100000,103448.25128411474,3448.25128411474,3.448251284114745,30,18,12,0.6,1.6587284345878073,2.189067320781555,0.17794621960892285,0.6164074603703822,5.338386588267685,0.17794621960892276,-2.0151341881158404,-2.0151341881158404,13,17,3069.016614132718,379.23466998201286,4937.824424885521,542.442,8682.95970576111,5234.708421646379,63.11518895163576,1.80814,205710.0760627667,209289.95791599998,205.7100760627667,209.289957916,0,30,1.0,0.002895767883209092,0.007952442725811238,0.020000000000000004,0.02
capped_2x,0.02,2025-Q4,2025-10-01,2026-01-01,100000,102593.58877919671,2593.5887791967107,2.5935887791967094,25,13,12,0.52,1.3493482119045992,1.3595096055795473,0.08075884096380215,0.717414526761446,2.0189710240950536,0.08075884096380215,-2.559310188527836,-2.559310188527836,15,10,1956.165010096262,637.42376910043,4029.02075500344,505.9270000000001,10017.667938087472,7424.079158890778,45.269495685332444,2.023708,201406.81619264002,208585.85976000002,201.40681619264004,208.58585976,0,25,1.0,0.004301720319450777,0.010413482796188785,0.02,0.02
capped_2x,0.02,2024-2025-Full,2024-01-01,2026-01-01,100000,128539.31038323547,28539.310383235468,28.539310383235474,235,133,102,0.5659574468085107,1.3879819158544966,1.494278815307494,0.1935945435027732,1.0242480630890376,45.4947177231517,0.19359454350277328,-6.87804190172719,-6.87804190172719,120,115,9607.16845036677,18932.141932868748,41638.65272696488,6817.233,102097.662504829,73558.35212159349,47.460328217282175,2.900950212765958,221499.54579404255,261344.39418000003,221.49954579404258,261.34439418000005,0,233,0.9914893617021276,0.00433926049377527,0.019999822678262474,0.019999999999999997,0.02
capped_3x,0.005,2024-Q1,2024-01-01,2024-04-01,100000,101495.40129935146,1495.4012993514625,1.495401299351462,32,16,16,0.5,1.1414503615520954,0.7816289795663257,0.06795046467148623,-0.2654891884977959,2.1744148694875594,0.06795046467148624,-5.260643567750814,-5.260643567750814,18,14,-700.3075333869367,2195.7088327383826,5322.6871536485605,1355.4430000000002,12067.317008458313,10571.915709106868,55.340637433885895,4.235759375000001,207954.20069481252,309644.28,207.95420069481253,309.64428000000004,0,8,0.25,0.004548736237991402,0.004999999625637914,0.005,0.005
capped_3x,0.005,2024-Q2,2024-04-01,2024-07-01,100000,98617.67520324895,-1382.3247967510542,-1.3823247967510555,28,13,15,0.4642857142857143,0.8564777370307514,-0.6840975930794497,-0.14872832645895476,-1.1937791857243885,-4.164393140850733,-0.14872832645895484,-4.066030194541826,-4.066030194541826,12,16,-1724.2436397059503,341.9188429549122,4956.29109895096,942.5290000000001,8249.106370462496,9631.431167213534,71.50859540462243,3.3661750000000006,221309.58936853573,307209.412,221.30958936853574,307.209412,0,11,0.39285714285714285,0.00417553067143007,0.004999999183397301,0.005,0.005
capped_3x,0.005,2024-Q3,2024-07-01,2024-10-01,100000,102481.81699759606,2481.8169975960627,2.4818169975960647,39,22,17,0.5641025641025641,1.21196637212668,1.079688352906559,0.1661574590724281,0.981957320612119,6.4801409038246955,0.16615745907242807,-3.5201753463952405,-3.5201753463952405,19,20,296.66654987323204,2185.1504477228245,7924.6042584040015,1629.8140000000003,14190.358181255238,11708.541183659177,67.33035302114443,4.1790102564102565,254029.20067779496,305872.05138400005,254.02920067779496,305.87205138400003,0,22,0.5641025641025641,0.004252242411290479,0.0049999919080520525,0.005000000000000001,0.005
capped_3x,0.005,2024-Q4,2024-10-01,2025-01-01,100000,106392.9858750197,6392.985875019702,6.392985875019708,29,18,11,0.6206896551724138,1.8566664004549165,2.886445426964014,0.4440217046579309,1.4650288064286998,12.876629435079996,0.4440217046579308,-2.0950048806735495,-2.0950048806735495,15,14,3356.7499855256956,3036.23588949404,5632.776545580241,901.9410000000003,13855.617620148132,7462.631745128397,47.16294664539377,3.110141379310345,242791.8338146207,311838.552488,242.7918338146207,311.838552488,0,11,0.3793103448275862,0.004452452904714579,0.0049999915861138585,0.005000000000000001,0.005
capped_3x,0.005,2025-Q1,2025-01-01,2025-04-01,100000,104703.2566418002,4703.256641800195,4.703256641800202,20,13,7,0.65,2.0439338927214843,2.669170333358578,0.4979475501319694,1.3673954914841293,9.958951002639388,0.49794755013196923,-1.773316251343039,-1.773316251343039,10,10,2995.4405733761305,1707.8160684241032,3696.5774743999204,499.87200000000007,9208.577021368594,4505.32037956836,45.57109599737308,2.4993600000000002,231001.6687115,312872.409696,231.0016687115,312.87240969600003,0,7,0.35,0.004287286773756888,0.004999994759399729,0.005000000000000001,0.005
capped_3x,0.005,2025-Q2,2025-04-01,2025-07-01,100000,104732.25367176477,4732.2536717647745,4.7322536717647745,32,20,12,0.625,1.5886595668505903,2.396446975850911,0.33786303251900185,1.2313212683927586,10.81161704060806,0.33786303251900196,-2.205337036619691,-2.205337036619691,18,14,-659.8213651416493,5392.075036906414,6842.745068635201,869.231,12771.286651527536,8039.032979762773,60.38527110902169,2.716346875,267379.59293543757,314930.07333000004,267.3795929354376,314.93007333,0,17,0.53125,0.004107843415263724,0.004999999872083386,0.005,0.005
capped_3x,0.005,2025-Q3,2025-07-01,2025-10-01,100000,103547.5535357918,3547.553535791798,3.547553535791792,30,18,12,0.6,1.5526502056723372,2.0834345585227894,0.17794621960892296,0.6164074603703822,5.338386588267689,0.17794621960892276,-2.466026535940993,-2.466026535940993,13,17,3118.360240290845,429.1932955009635,6729.210117208561,740.5,9966.719763145271,6419.16622735346,74.94652498237083,2.4683333333333337,280358.2576640667,314757.73513600003,280.3582576640667,314.757735136,0,20,0.6666666666666666,0.0034525528693005385,0.004999974076713306,0.005000000000000001,0.005
capped_3x,0.005,2025-Q4,2025-10-01,2026-01-01,100000,101315.56320508383,1315.5632050838321,1.3155632050838362,25,13,12,0.52,1.1689077940375336,0.7735551944727148,0.08075884096380218,0.7174145267614459,2.0189710240950545,0.08075884096380248,-2.886230802219606,-2.886230802219606,15,10,3054.6236614186546,-1739.0604563347947,4848.44913911624,601.6030000000001,9104.210334011028,7788.647128927169,59.862985796321325,2.4064120000000004,242298.96680856,307352.89200000005,242.29896680856,307.35289200000005,0,13,0.52,0.004205949379159609,0.004999987479613167,0.005,0.005
capped_3x,0.005,2024-2025-Full,2024-01-01,2026-01-01,100000,125550.38450746599,25550.38450746599,25.550384507465985,235,133,102,0.5659574468085107,1.3590650563986209,1.4840660392956386,0.19359454350277325,1.0242480630890376,45.494717723151716,0.1935945435027734,-5.260643567750814,-5.260643567750814,120,115,11322.303351768463,14228.081155697546,49977.49201273464,8039.032,96708.4770373638,71158.09252989778,59.99114637108769,3.4208646808510643,265844.0518416554,380868.64200000005,265.84405184165536,380.868642,0,109,0.46382978723404256,0.004184482654044124,0.004999999625637914,0.004999999999999999,0.005
capped_3x,0.01,2024-Q1,2024-01-01,2024-04-01,100000,101045.15021992242,1045.1502199224196,1.0451502199224194,32,16,16,0.5,1.0620881177108659,0.39996915171888336,0.0679504646714862,-0.26548918849779585,2.1744148694875585,0.06795046467148613,-8.954227241763778,-8.954227241763778,18,14,-597.846477378778,1642.9966973011904,7153.687833477521,1819.279,17878.487393864525,16833.337173942113,50.18862410338378,5.685246875,279459.30552990624,313905.24000000005,279.45930552990626,313.90524000000005,0,23,0.71875,0.007023552303568772,0.009999983397524493,0.01,0.01
capped_3x,0.01,2024-Q2,2024-04-01,2024-07-01,100000,97245.775048475,-2754.2249515250005,-2.7542249515249972,28,13,15,0.4642857142857143,0.8113254176920127,-0.883692262544382,-0.14872832645895473,-1.1937791857243882,-4.164393140850732,-0.14872832645895473,-6.362121642317489,-6.362121642317489,12,16,-3282.2603898138486,528.0354382887933,6195.391712324961,1180.431,11843.52805703406,14597.753008559115,62.27724270002757,4.215825,276660.851867,309146.032,276.660851867,309.146032,0,21,0.75,0.0062173072675809045,0.009999932221595637,0.01,0.01
capped_3x,0.01,2024-Q3,2024-07-01,2024-10-01,100000,103588.2947598326,3588.294759832599,3.5882947598326,39,22,17,0.5641025641025641,1.2402073081255767,1.2255417884446957,0.16615745907242813,0.9819573206121187,6.480140903824697,0.16615745907242807,-3.9847549784006127,-3.9847549784006127,19,20,-300.99044349663393,3889.285203329223,9055.03233476744,1863.1930000000004,18526.61944209697,14938.324682264381,58.93263673327572,4.7774179487179484,290286.3997371539,312916.77,290.2863997371539,312.91677,0,32,0.8205128205128205,0.005456806997506759,0.009999974914433015,0.010000000000000002,0.01
capped_3x,0.01,2024-Q4,2024-10-01,2025-01-01,100000,109940.00242051542,9940.002420515419,9.940002420515427,29,18,11,0.6206896551724138,2.0286095016163044,2.98270998051985,0.44402170465793084,1.4650288064286996,12.876629435079995,0.4440217046579308,-3.2630174566733574,-3.2630174566733574,15,14,5473.401572797933,4466.6008477174655,6906.61415808456,1098.5900000000001,19603.53596254101,9663.533542025609,40.835511376014665,3.788241379310345,297679.832414069,323832.52709200006,297.679832414069,323.8325270920001,0,26,0.896551724137931,0.00601954386608765,0.009999822,0.010000000000000002,0.01
capped_3x,0.01,2025-Q1,2025-01-01,2025-04-01,100000,106829.05696169438,6829.056961694383,6.82905696169438,20,13,7,0.65,2.097462289586745,2.880091703943458,0.4979475501319694,1.367395491484129,9.958951002639388,0.49794755013196923,-2.797005910627107,-2.797005910627107,10,10,3567.071007282356,3261.9859544120327,4376.47606270576,596.039,13051.646135365136,6222.589173670747,38.09875789715201,2.9801950000000006,273526.9790239,319228.581408,273.5269790239,319.228581408,0,15,0.75,0.005968515805575698,0.009999916205062643,0.010000000000000002,0.01
capped_3x,0.01,2025-Q2,2025-04-01,2025-07-01,100000,105043.44793944122,5043.447939441219,5.043447939441226,32,20,12,0.625,1.498603023522746,2.0818978890401008,0.3378630325190019,1.2313212683927584,10.811617040608061,0.33786303251900196,-2.257994523377361,-2.257994523377361,18,14,-823.0422706254062,5866.490210066586,7685.8295547588,975.7850000000001,15158.605091533938,10115.15715209276,57.13991823427277,3.049328125,300316.5678363125,316577.18499,300.3165678363125,316.57718499,0,30,0.9375,0.0049799385454636965,0.009999983119596089,0.01,0.01
capped_3x,0.01,2025-Q3,2025-07-01,2025-10-01,100000,105012.05769951669,5012.057699516692,5.012057699516692,30,18,12,0.6,1.6470251368682922,2.2137531361926177,0.17794621960892285,0.6164074603703821,5.338386588267685,0.17794621960892276,-3.0138870798214663,-3.0138870798214663,13,17,4250.759668232921,761.2980312837858,7421.098649283682,815.398,12758.368335570034,7746.310636053325,64.55760198050184,2.7179933333333333,309172.92330483336,320546.09214,309.1729233048334,320.54609214000004,0,28,0.9333333333333333,0.004221665590941584,0.009999957353067338,0.010000000000000002,0.01
capped_3x,0.01,2025-Q4,2025-10-01,2026-01-01,100000,103526.23305099044,3526.2330509904423,3.526233050990446,25,13,12,0.52,1.3546606563938939,1.4616424104643664,0.08075884096380218,0.7174145267614463,2.0189710240950545,0.08075884096380204,-3.386607589261629,-3.386607589261629,15,10,3220.0078692148236,306.2251817755973,5746.57750260976,719.7080000000001,13468.787962054788,9942.554911064366,48.00940901903744,2.878832,287248.02735008,314059.28400000004,287.24802735008,314.05928400000005,0,19,0.76,0.005729086498030702,0.009999993476104349,0.01,0.01
capped_3x,0.01,2024-2025-Full,2024-01-01,2026-01-01,100000,136521.67643962038,36521.67643962038,36.521676439620386,235,133,102,0.5659574468085107,1.3726941583609922,1.472560428077038,0.1935945435027733,1.0242480630890376,45.49471772315172,0.1935945435027734,-8.954227241763778,-8.954227241763778,120,115,13953.34478622607,22568.331653394307,60324.817713980316,9767.688999999998,134515.36810420884,97993.69166458846,52.10743404402667,4.1564634042553195,320893.0044632894,414154.818,320.8930044632894,414.154818,0,194,0.825531914893617,0.005680114641123662,0.009999994383114828,0.009999999999999998,0.01
capped_3x,0.02,2024-Q1,2024-01-01,2024-04-01,100000,101296.89018063966,1296.8901806396607,1.2968901806396538,32,16,16,0.5,1.0676907404706593,0.418381887155677,0.06795046467148623,-0.26548918849779585,2.1744148694875594,0.06795046467148613,-10.161384499475465,-10.161384499475465,18,14,905.8568490247144,391.03333161493947,7611.687742360241,1928.899,20455.93869484218,19159.048514202528,46.63969170364121,6.027809375,297304.0972965,312475.68,297.3040972965,312.47568,0,31,0.96875,0.008068883137143339,0.01999992278646887,0.02,0.02
capped_3x,0.02,2024-Q2,2024-04-01,2024-07-01,100000,99497.26785698214,-502.7321430178563,-0.5027321430178588,28,13,15,0.4642857142857143,0.9698388862339081,-0.06833029300120541,-0.14872832645895473,-1.193779185724388,-4.164393140850732,-0.14872832645895484,-6.609663968068389,-6.609663968068389,12,16,-3883.6944534136082,3380.9623103957492,6697.443662617761,1277.8739999999998,16165.489956361245,16668.222099379105,49.335452770977795,4.563835714285715,299140.15898114286,314734.564,299.14015898114286,314.73456400000003,0,25,0.8928571428571429,0.007465139861689299,0.01999999105342253,0.02,0.02
capped_3x,0.02,2024-Q3,2024-07-01,2024-10-01,100000,100718.82934124622,718.8293412462226,0.7188293412462299,39,22,17,0.5641025641025641,1.0393716373193795,0.2780049021918136,0.16615745907242813,0.9819573206121189,6.480140903824696,0.16615745907242807,-4.738867253351936,-4.738867253351936,19,20,-3268.703693767662,3987.5330350138597,9454.608712553842,1947.043,18976.371830909768,18257.54248966357,60.0834122252084,4.992417948717949,303129.01656076935,312739.47000000003,303.12901656076934,312.73947000000004,0,38,0.9743589743589743,0.006262685484234331,0.01999998487523104,0.020000000000000004,0.02
capped_3x,0.02,2024-Q4,2024-10-01,2025-01-01,100000,111072.02066918027,11072.020669180274,11.072020669180272,29,18,11,0.6206896551724138,2.110947114823693,3.046959952687421,0.4440217046579309,1.4650288064286996,12.876629435079996,0.4440217046579309,-3.2630058338373167,-3.2630058338373167,15,14,6592.079679910641,4479.940989269626,7079.105210019681,1125.341,21038.310262485873,9966.28959330561,38.997648136453755,3.880486206896552,305092.2232321035,327167.382655,305.0922232321035,327.16738265500004,0,29,1.0,0.0063460146989163324,0.015073041402810098,0.020000000000000004,0.02
capped_3x,0.02,2025-Q1,2025-01-01,2025-04-01,100000,108449.57463073566,8449.57463073566,8.449574630735658,20,13,7,0.65,2.1162647432622537,2.94365152624678,0.4979475501319694,1.3673954914841295,9.958951002639388,0.49794755013196923,-4.161873151800799,-4.161873151800799,10,10,4628.837884210808,3820.736746524856,4660.271170464481,636.1690000000001,16019.082385716809,7569.507754981144,33.063318128552595,3.1808450000000006,291250.52943,324071.781396,291.25052943,324.071781396,0,18,0.9,0.007335371425544794,0.019999900398741003,0.020000000000000004,0.02
capped_3x,0.02,2025-Q2,2025-04-01,2025-07-01,100000,105712.42424033173,5712.424240331733,5.712424240331737,32,20,12,0.625,1.5535446490433236,2.1934655631854345,0.3378630325190018,1.2313212683927581,10.811617040608057,0.33786303251900196,-2.4766666273416855,-2.4766666273416855,18,14,-146.60787604622158,5859.032116377946,7791.712114268241,988.677,16032.141448698481,10319.717208366757,54.76741296454223,3.0896156250000004,304439.94688965625,318602.89272500004,304.43994688965626,318.602892725,0,32,1.0,0.005163962488261419,0.01426669871036553,0.02,0.02
capped_3x,0.02,2025-Q3,2025-07-01,2025-10-01,100000,105177.68946561923,5177.689465619231,5.1776894656192285,30,18,12,0.6,1.648297396195628,2.1905464584746404,0.17794621960892296,0.6164074603703822,5.338386588267689,0.17794621960892276,-3.01387008537749,-3.01387008537749,13,17,4646.025914770518,531.6635508487418,7510.848603581122,825.0609999999999,13164.285580308671,7986.596114689409,63.32215715564615,2.7502033333333333,312902.1118653,321052.42953200004,312.90211186529996,321.052429532,0,30,1.0,0.004343702045469069,0.011928825500877172,0.020000000000000004,0.02
capped_3x,0.02,2025-Q4,2025-10-01,2026-01-01,100000,103848.70730712304,3848.7073071230407,3.8487073071230338,25,13,12,0.52,1.3431643271396103,1.3578103726558215,0.0807588409638022,0.7174145267614463,2.018971024095055,0.08075884096380226,-3.821378287625285,-3.821378287625285,15,10,2918.9127509661917,929.7945561568057,6064.064211077201,761.9700000000001,15064.05518201217,11215.347874889168,45.313390907038745,3.0478800000000006,303136.72014004004,319361.16186000005,303.13672014004004,319.36116186000004,0,25,1.0,0.0064526611517307444,0.015620595764272136,0.02,0.02
capped_3x,0.02,2024-2025-Full,2024-01-01,2026-01-01,100000,141189.6968257885,41189.6968257885,41.1896968257885,235,133,102,0.5659574468085107,1.3701210758378453,1.429668894154223,0.1935945435027732,1.0242480630890376,45.4947177231517,0.1935945435027734,-10.161384499475465,-10.161384499475465,120,115,15383.294855315202,25806.401970473133,63846.85818781232,10356.791,152476.78506454086,111287.08823875255,48.66553892541947,4.407145106382979,339629.1838272256,434198.37960000004,339.6291838272256,434.1983796,0,228,0.9702127659574468,0.006379107402414948,0.01999992278646887,0.019999999999999997,0.02
capped_5x,0.005,2024-Q1,2024-01-01,2024-04-01,100000,101411.2628402086,1411.2628402085975,1.4112628402086047,32,16,16,0.5,1.1252637527495053,0.6796274288038306,0.06795046467148619,-0.265489188497796,2.174414869487558,0.06795046467148613,-5.630599345591493,-5.630599345591493,18,14,-712.3455705367638,2123.6084107454253,6154.280962991361,1569.9189999999999,12677.593356673548,11266.330516464885,60.92796752252118,4.9059968750000005,240435.63056459374,516391.92000000004,240.43563056459374,516.39192,0,4,0.125,0.004820496757564634,0.004999998989863612,0.005,0.005
capped_5x,0.005,2024-Q2,2024-04-01,2024-07-01,100000,98569.80295450849,-1430.1970454915136,-1.4301970454915103,28,13,15,0.4642857142857143,0.8688008022820815,-0.6309956094897636,-0.14872832645895473,-1.193779185724388,-4.164393140850732,-0.14872832645895473,-4.313006340006761,-4.313006340006761,12,16,-1396.5315668438338,-33.665478647624354,6430.238591891361,1221.685,9470.761728406056,10900.958773897515,80.79522863446793,4.363160714285715,287110.1997493571,514071.16800000006,287.1101997493571,514.0711680000001,0,5,0.17857142857142858,0.004762826285410557,0.004999983888562738,0.005,0.005
capped_5x,0.005,2024-Q3,2024-07-01,2024-10-01,100000,102850.07733110008,2850.077331100081,2.850077331100076,39,22,17,0.5641025641025641,1.2152258555387467,1.0882929746589807,0.16615745907242813,0.9819573206121189,6.480140903824697,0.16615745907242807,-3.6679626375391896,-3.6679626375391896,19,20,-58.14204621634076,2908.219377316373,9773.38088470008,2003.3910000000003,16092.340087894785,13242.262756794751,73.18246954996293,5.136900000000001,313312.180113641,503748.73636,313.31218011364103,503.74873635999995,0,4,0.10256410256410256,0.004868254671017078,0.004999995995889591,0.005000000000000001,0.005
capped_5x,0.005,2024-Q4,2024-10-01,2025-01-01,100000,106573.88365659709,6573.883656597085,6.573883656597079,29,18,11,0.6206896551724138,1.7729288081812702,2.6613497858661317,0.44402170465793095,1.4650288064286996,12.876629435079998,0.4440217046579309,-2.2882212339056354,-2.2882212339056354,15,14,3538.002088810317,3035.8815677867583,6733.0640382028805,1082.1259999999997,15079.044270374256,8505.16061377718,51.82815235550011,3.7314689655172417,290224.28775217244,507011.7782030001,290.2242877521724,507.01177820300006,0,3,0.10344827586206896,0.004961098127034563,0.004999998095313151,0.005000000000000001,0.005
capped_5x,0.005,2025-Q1,2025-01-01,2025-04-01,100000,105720.71469467333,5720.714694673326,5.720714694673323,20,13,7,0.65,2.193340741106896,3.036499635417097,0.4979475501319694,1.3673954914841293,9.958951002639388,0.49794755013196923,-1.7733167203985152,-1.7733167203985152,10,10,3676.4940236231114,2044.2206710502069,4616.068213326881,624.059,10514.57993166088,4793.865236987561,49.83677186711112,3.120295,288467.1907581,518290.017564,288.4671907581,518.290017564,0,2,0.1,0.004808392529251377,0.004999999912437738,0.005000000000000001,0.005
capped_5x,0.005,2025-Q2,2025-04-01,2025-07-01,100000,105793.72557521609,5793.725575216085,5.793725575216091,32,20,12,0.625,1.634796446148423,2.513547841165797,0.3378630325190019,1.2313212683927586,10.811617040608061,0.33786303251900196,-2.836959389986602,-2.836959389986602,18,14,-298.6786403383844,6092.404215554519,8707.98379738376,1103.342,14920.628553909708,9126.902978693572,65.75678606256076,3.4479437500000003,340245.69833481254,520863.4572930001,340.2456983348126,520.863457293,0,6,0.1875,0.004791444859296329,0.004999994445071065,0.005,0.005
capped_5x,0.005,2025-Q3,2025-07-01,2025-10-01,100000,103177.5975819413,3177.5975819412997,3.177597581941294,30,18,12,0.6,1.3897001572760157,1.6628892628285423,0.17794621960892287,0.6164074603703822,5.338386588267686,0.17794621960892276,-3.124556563128761,-3.124556563128761,13,17,2882.517108175353,295.08047376595255,9235.619140059202,1015.8670000000002,11331.552674370698,8153.9550924293935,90.46850360803289,3.386223333333333,384804.5817802333,525520.6745559999,384.80458178023326,525.5206745559999,0,12,0.4,0.004202237982773285,0.004999990578741464,0.005000000000000001,0.005
capped_5x,0.005,2025-Q4,2025-10-01,2026-01-01,100000,100725.64697077466,725.6469707746583,0.7256469707746627,25,13,12,0.52,1.0767828227352096,0.3935941593159111,0.08075884096380223,0.7174145267614459,2.018971024095056,0.08075884096380248,-3.4705439876901467,-3.4705439876901467,15,10,3443.8072888190427,-2718.16031804439,6182.66889642544,762.6080000000001,10176.288988418222,9450.642017643571,68.24960360628474,3.0504320000000003,308970.6385218,507076.5016000001,308.97063852179997,507.0765016000001,0,3,0.12,0.004892272646005145,0.004999997208467401,0.005,0.005
capped_5x,0.005,2024-2025-Full,2024-01-01,2026-01-01,100000,127359.84426226318,27359.844262263185,27.359844262263188,235,133,102,0.5659574468085107,1.3333751759893304,1.4086302128978128,0.1935945435027732,1.0242480630890374,45.4947177231517,0.1935945435027734,-5.630599345591493,-5.630599345591493,120,115,13020.17050838471,14339.67375387851,63647.49461533761,10095.022,109429.07506527561,82069.23080301238,67.38841260547017,4.295754042553192,338558.7088138723,644015.131952,338.55870881387233,644.015131952,0,39,0.16595744680851063,0.004762626937859009,0.0049999999707145935,0.004999999999999999,0.005
capped_5x,0.01,2024-Q1,2024-01-01,2024-04-01,100000,102512.80296714498,2512.8029671449767,2.512802967144978,32,16,16,0.5,1.121693267316071,0.7262719656582809,0.06795046467148622,-0.2654891884977958,2.174414869487559,0.06795046467148613,-10.151866815103478,-10.151866815103478,18,14,-1753.7550809180368,4266.558048063019,9938.532432855041,2530.523,23161.46350987271,20648.66054272773,53.835352103462874,7.907884375,388300.4040083125,530643.96,388.3004040083125,530.64396,0,11,0.34375,0.008765536096390759,0.009999996291699717,0.01,0.01
capped_5x,0.01,2024-Q2,2024-04-01,2024-07-01,100000,97087.34379712476,-2912.656202875238,-2.912656202875241,28,13,15,0.4642857142857143,0.8415773762706664,-0.7257153033587865,-0.14872832645895476,-1.193779185724388,-4.164393140850733,-0.14872832645895484,-7.610138516832188,-7.610138516832188,12,16,-3592.2885895680315,679.6323866927733,8954.071769075119,1703.3730000000003,15472.698958591813,18385.355161467072,68.87902878222265,6.083475000000002,399828.00353153574,522260.304,399.8280035315358,522.260304,0,14,0.5,0.007896318388436536,0.009999970941779613,0.01,0.01
capped_5x,0.01,2024-Q3,2024-07-01,2024-10-01,100000,104996.67648374988,4996.676483749878,4.9966764837498845,39,22,17,0.5641025641025641,1.23560669949474,1.2145146507428943,0.16615745907242813,0.9819573206121189,6.480140903824696,0.16615745907242807,-6.242844570285163,-6.242844570285163,19,20,426.29901597179924,4570.377467778127,13988.788330050163,2877.974,26204.377684375093,21207.701200625164,64.3662006906095,7.379420512820514,448427.6444653077,526858.77,448.42764446530776,526.85877,0,26,0.6666666666666666,0.007693184982818644,0.009999972905471182,0.010000000000000002,0.01
capped_5x,0.01,2024-Q4,2024-10-01,2025-01-01,100000,112998.22239571069,12998.22239571069,12.998222395710691,29,18,11,0.6206896551724138,1.9490765557804537,3.044938736246704,0.44402170465793095,1.4650288064286998,12.876629435079998,0.4440217046579311,-4.160410232111475,-4.160410232111475,15,14,6620.427173073806,6377.795222636875,10307.60817348928,1642.007,26693.874571021086,13695.652175310406,44.76538294093058,5.662093103448276,444294.95376927586,546372.6375520001,444.2949537692758,546.3726375520001,0,16,0.5517241379310345,0.008315924773084935,0.009999966028755306,0.010000000000000002,0.01
capped_5x,0.01,2025-Q1,2025-01-01,2025-04-01,100000,108654.89461582585,8654.894615825848,8.654894615825848,20,13,7,0.65,2.005256723196391,2.588913861576197,0.4979475501319694,1.3673954914841295,9.958951002639388,0.49794755013196923,-3.509180943147089,-3.509180943147089,10,10,5318.204291596849,3336.690324228995,6665.784092974402,903.65,17264.53075763257,8609.636141806724,43.843844928296065,4.51825,416559.05558140005,539733.644736,416.5590555814001,539.733644736,0,12,0.6,0.008025027196129153,0.009999967286880861,0.010000000000000002,0.01
capped_5x,0.01,2025-Q2,2025-04-01,2025-07-01,100000,108371.53337832697,8371.533378326974,8.371533378326967,32,20,12,0.625,1.5474770871257095,2.2809313582782487,0.33786303251900185,1.2313212683927584,10.81161704060806,0.33786303251900196,-3.655452782448444,-3.655452782448444,18,14,-1482.5061733986524,9854.03955172566,12389.605166872961,1571.606,23662.645235223357,15291.111856896347,59.00105853799814,4.9112687500000005,484124.0598921563,543992.7122100001,484.1240598921563,543.9927122100001,0,20,0.625,0.00757156651651841,0.009999988131228542,0.01,0.01
capped_5x,0.01,2025-Q3,2025-07-01,2025-10-01,100000,106930.67616767346,6930.67616767346,6.930676167673466,30,18,12,0.6,1.6021813186321074,2.243686332686364,0.1779462196089229,0.616407460370382,5.338386588267687,0.17794621960892276,-4.334842583904849,-4.334842583904849,13,17,5850.561798210778,1080.1143694626649,11851.157031527202,1303.292,18439.960752284795,11509.284584611347,71.33664332716818,4.344306666666667,493752.22565396666,546729.30668,493.75222565396666,546.72930668,0,25,0.8333333333333334,0.006132038482842089,0.009999910037558036,0.010000000000000002,0.01
capped_5x,0.01,2025-Q4,2025-10-01,2026-01-01,100000,102693.95277023697,2693.952770236967,2.6939527702369626,25,13,12,0.52,1.1889016441016038,0.8802916827923513,0.08075884096380223,0.7174145267614458,2.018971024095056,0.08075884096380248,-5.330814935848066,-5.330814935848066,15,10,5473.56675323667,-2779.6139829997505,8594.39857036328,1069.0510000000002,16955.092650988463,14261.139880751545,56.99437785024378,4.276204000000001,429512.4248392001,523151.24400000006,429.5124248392001,523.151244,0,15,0.6,0.007745202061538883,0.009999985094402369,0.01,0.01
capped_5x,0.01,2024-2025-Full,2024-01-01,2026-01-01,100000,152686.9368716432,52686.93687164321,52.68693687164321,235,133,102,0.5659574468085107,1.371276113662668,1.5131399456928016,0.1935945435027732,1.0242480630890376,45.4947177231517,0.1935945435027734,-10.151866815103478,-10.151866815103478,120,115,22557.55140411837,30129.38546752475,96836.01448515826,15342.107,194594.6301834545,141907.69331181137,57.64707966473798,6.528556170212767,515099.3568423021,777836.136,515.0993568423021,777.8361360000001,0,139,0.5914893617021276,0.007758192289450064,0.009999999507638687,0.009999999999999998,0.01
capped_5x,0.02,2024-Q1,2024-01-01,2024-04-01,100000,101158.42230453932,1158.4223045393155,1.1584223045393083,32,16,16,0.5,1.0382516768968375,0.31780622518937784,0.06795046467148615,-0.26548918849779607,2.1744148694875567,0.06795046467148602,-15.628503396894033,-15.628503396894033,18,14,-437.7832382523502,1596.2055427916252,12363.43723046056,3145.498,31442.645076353077,30284.222771813806,49.324524679141234,9.82968125,482948.3342607813,539819.28,482.9483342607813,539.81928,0,26,0.8125,0.012525312301487252,0.019999959868226464,0.02,0.02
capped_5x,0.02,2024-Q2,2024-04-01,2024-07-01,100000,95195.86148337522,-4804.138516624778,-4.8041385166247785,28,13,15,0.4642857142857143,0.814201888829958,-0.8375376251379446,-0.14872832645895473,-1.193779185724388,-4.164393140850732,-0.14872832645895473,-10.592363629772487,-10.592363629772487,12,16,-6362.291298184814,1558.1527815600152,10610.104473024641,2022.6240000000003,21052.628736665854,25856.76725329065,60.00546834810764,7.223657142857143,473827.4214253929,526477.8319999999,473.8274214253929,526.4778319999999,0,25,0.8928571428571429,0.011013365115449964,0.019999669608096408,0.02,0.02
capped_5x,0.02,2024-Q3,2024-07-01,2024-10-01,100000,105122.84056306118,5122.8405630611815,5.122840563061182,39,22,17,0.5641025641025641,1.1903294256138266,1.0523356718843784,0.16615745907242813,0.981957320612119,6.480140903824697,0.16615745907242807,-6.571840954191307,-6.571840954191307,19,20,-1827.3478203196642,6950.188383380835,15536.19389813888,3197.9099999999994,32038.492446839125,26915.65188377796,58.47373726845615,8.199769230769231,498079.9345973077,536308.86,498.0799345973077,536.30886,0,35,0.8974358974358975,0.009560630113138797,0.019999895821322125,0.020000000000000004,0.02
capped_5x,0.02,2024-Q4,2024-10-01,2025-01-01,100000,117828.96112545196,17828.961125451955,17.828961125451958,29,18,11,0.6206896551724138,2.0738551902198474,3.024099772787239,0.44402170465793095,1.4650288064286996,12.876629435079998,0.4440217046579309,-5.388706005058159,-5.388706005058159,15,14,10281.81362566428,7547.147499787721,11814.69631674792,1874.7680000000003,34431.722175386414,16602.761049934415,39.758291052121294,6.4647172413793115,509199.11536313803,571552.4390410001,509.19911536313805,571.5524390410001,0,27,0.9310344827586207,0.010366510145899645,0.019999902,0.020000000000000004,0.02
capped_5x,0.02,2025-Q1,2025-01-01,2025-04-01,100000,112423.26887332788,12423.268873327877,12.423268873327874,20,13,7,0.65,2.117705821107225,2.922777466079446,0.4979475501319694,1.3673954914841295,9.958951002639388,0.49794755013196923,-5.386167992395325,-5.386167992395325,10,10,6307.502042179617,6115.766831148246,7509.025782472401,1025.32,23538.240844236167,11114.971970908307,36.25736451142743,5.126600000000001,469320.27373655,558447.16092,469.32027373654995,558.44716092,0,16,0.8,0.010693990451356657,0.01999998038132777,0.020000000000000004,0.02
capped_5x,0.02,2025-Q2,2025-04-01,2025-07-01,100000,108735.36204247059,8735.362042470588,8.735362042470584,32,20,12,0.625,1.5024852119648249,2.0924111938633323,0.3378630325190019,1.2313212683927581,10.811617040608061,0.33786303251900196,-4.109199253113004,-4.109199253113004,18,14,-1112.2317811930761,9847.59382366367,13029.08542372936,1652.455,26119.678703877322,17384.316661406727,56.2087328491907,5.163921875,509091.401004375,547927.70258,509.09140100437503,547.92770258,0,31,0.96875,0.008488584788508682,0.01999997557616136,0.02,0.02
capped_5x,0.02,2025-Q3,2025-07-01,2025-10-01,100000,108643.8006097681,8643.800609768106,8.643800609768103,30,18,12,0.6,1.6279274241364143,2.1934165293269707,0.17794621960892296,0.6164074603703822,5.338386588267689,0.17794621960892276,-4.993614601964853,-4.993614601964853,13,17,7885.796722482042,758.003887286045,12868.675685632561,1413.482,22409.405164555392,13765.604554787305,63.73287278603195,4.711606666666667,536108.2358612334,559330.20314,536.1082358612334,559.3302031400001,0,30,1.0,0.007239566081443013,0.019881915325212378,0.020000000000000004,0.02
capped_5x,0.02,2025-Q4,2025-10-01,2026-01-01,100000,106671.32462057025,6671.324620570245,6.671324620570251,25,13,12,0.52,1.377752194235594,1.5467765849311972,0.08075884096380222,0.7174145267614461,2.0189710240950554,0.08075884096380248,-5.602838842548915,-5.602838842548915,15,10,5223.84822729676,1447.4763932734784,9935.30340463008,1248.6760000000002,24331.909317027385,17660.584696457146,45.96424908095301,4.9947040000000005,496651.00176296005,543410.868,496.65100176296005,543.410868,0,21,0.84,0.010157647848027054,0.019999880808716813,0.02,0.02
capped_5x,0.02,2024-2025-Full,2024-01-01,2026-01-01,100000,168985.4676770613,68985.4676770613,68.98546767706131,235,133,102,0.5659574468085107,1.3753554261641598,1.451116219688434,0.1935945435027732,1.0242480630890374,45.4947177231517,0.19359454350277328,-15.628503396894033,-15.628503396894033,120,115,27581.011520537035,41404.456156524146,110950.09110654019,17647.066,252772.5208763153,183787.05319925415,50.87465863010654,7.509389787234042,590184.2408702937,860867.238,590.1842408702937,860.8672379999999,0,211,0.8978723404255319,0.00995456595736789,0.019999994812123497,0.019999999999999997,0.02
