rank,trial_id,score,k_period,d_period,smooth,oversold,overbought,left_bars,right_bars,min_separation,max_separation,ema_period,min_close_ratio,rr_target,total_trades,profit_factor,win_rate,expectancy_R,max_drawdown_pct,total_return,quarterly_positive_ratio,val_total_return,val_profit_factor,nocost_total_return,q_2024-Q1_return,q_2024-Q1_trades,q_2024-Q1_pf,q_2024-Q2_return,q_2024-Q2_trades,q_2024-Q2_pf,q_2024-Q3_return,q_2024-Q3_trades,q_2024-Q3_pf,q_2024-Q4_return,q_2024-Q4_trades,q_2024-Q4_pf,q_2025-Q1_return,q_2025-Q1_trades,q_2025-Q1_pf,q_2025-Q2_return,q_2025-Q2_trades,q_2025-Q2_pf
1,9,0.900748966313966,11,2,1,12,88,6,4,14,49,33,0.90165154932049,2.578684483831301,39,5.0,0.6923076923076923,1.2628050660381096,-1.0154255829111725,11.047567743562038,1.0,0.8010681864693225,1.5223687743111163,11.827567743562039,0.12739581735079497,2,2.10175402015736,4.305711219650266,9,5.0,0.20201678265554524,4,1.6616391246922666,0.6604019450424659,6,1.877062659172452,2.167002811340568,8,5.0,3.181601681747459,10,5.0
2,421,0.7826129382256528,21,5,3,15,77,6,5,15,31,86,0.5434366848234952,3.2682444920924563,121,3.3062376300677623,0.5289256198347108,1.0905625958050653,-1.6446203365424696,32.96845104261293,1.0,1.3130040999032255,1.778745648055044,35.38845104261288,3.6310847387303724,17,3.718386478555387,5.025378524581803,23,3.2344592943112964,0.9991808475835695,17,1.6280886622469257,6.2390909220055635,23,2.63316871074821,10.39627482123393,25,5.0,3.1353849479804907,16,2.7309905010179443
3,251,0.7758102870468706,16,5,3,17,80,6,5,15,30,85,0.6526279589638347,3.4365782359238444,114,3.2613474353470684,0.5087719298245614,1.0812966384370815,-1.9410127086011943,31.133168656563814,1.0,2.2307987726622347,2.7011337639261623,33.41316865656378,2.1679407426825392,13,3.0148335418382364,4.860761105053846,24,3.0221672844248424,2.9254104448554363,18,2.594002397613597,5.363112861401675,26,2.262325918381496,10.313624198574512,19,5.0,2.316236328756327,14,2.65056709026704
4,199,0.7655053408355253,20,5,3,16,75,6,5,15,30,88,0.6197021164080276,3.275916253980206,116,3.463413634673677,0.5086206896551724,1.0103678165341698,-1.7959476430682242,34.01710644225431,1.0,0.9868144289411962,1.5852818296854638,36.33710644225437,2.5440235982463033,13,3.271145470023049,4.65809313663379,22,3.1793725163492104,2.5994917617415014,18,2.4640266737139656,5.708040591363228,23,2.4638237677697115,11.515412307410045,23,5.0,3.2497332524885403,17,2.739015327417837
5,302,0.7637015972968714,17,5,3,16,82,6,5,15,31,73,0.5600526430552384,3.2573822869071165,138,3.0969266616378657,0.5289855072463768,1.0679651655600237,-1.9223809088381634,33.044146196954195,1.0,1.1314913096018397,1.5179184733769213,35.80414619695418,4.311864955787192,18,4.849363885004004,3.9295294651424895,28,2.280150617774636,1.9085207069445165,22,1.7397365560347042,3.4748080308228735,25,1.8229536404792541,12.194607433206684,26,5.0,3.730384938520892,19,3.184538261359188
6,267,0.7629740877066926,17,5,3,16,81,6,5,15,31,83,0.6484774259511714,3.295063068520097,114,3.214795785303463,0.5175438596491229,1.0417033732771603,-1.7127855902714213,29.49454621267542,1.0,1.2567874675811996,1.9583847818914535,31.774546212675435,3.2890487393853363,14,5.0,4.998921623485986,23,3.320570325850041,1.6844757791564913,20,1.6829361482303968,4.351558497354624,24,2.1096464259855394,10.000275597968589,18,5.0,2.297493957626018,15,2.6170489804645194
7,400,0.762490950933596,21,5,3,15,76,6,5,15,32,84,0.5759634175620162,3.0822306830064248,125,3.1264518865414916,0.544,1.0534499756089157,-1.6444393460255544,31.55499368639847,1.0,0.9318412253663366,1.5526771005405127,34.05499368639846,4.4498029082412405,17,5.0,4.013655794300974,24,2.4443900878442184,1.3850304815084646,19,1.8115096970787326,5.306739437901031,21,2.426532543444065,10.139864153265155,27,5.0,2.9757144232612998,17,2.6278960681123142
8,292,0.7539207921077182,21,5,3,16,78,6,5,15,30,83,0.6128870443666429,3.12473553840869,109,3.3144008631840607,0.5229357798165137,0.9934646964512417,-1.6397766644762062,29.85975190455903,1.0,0.6496137798162493,1.3852873757102375,32.03975190455903,3.522714713003472,13,5.0,4.951414736891024,22,3.4759157951239876,1.6952423164835917,18,1.8417105413883068,3.4979754287000286,20,1.9461891949253654,9.815070160170958,20,5.0,3.408487546254557,16,3.2022833925891425
9,262,0.7444676575005099,16,5,3,14,82,6,5,15,30,77,0.687832011474867,3.4312012328416728,90,2.88979918699713,0.5,1.0339570092371,-1.7015674367461018,21.275869492994136,1.0,1.6129728640241314,2.4157329494997826,23.075869492994116,2.9293817541445666,12,3.9555680873989534,2.4336288773304293,20,2.123730617881837,0.5134095622175705,16,1.2855476279023765,3.148833949501051,14,2.028622688213143,8.35633041810031,16,5.0,2.3881880486411378,12,2.8460264602285146
10,477,0.7373590812005686,21,5,3,18,77,6,5,15,31,64,0.5063535569369809,3.1831289577647306,147,2.9837886801814366,0.5238095238095238,1.0028614935350235,-2.1148001448350686,33.81667357459963,1.0,0.9224755633520543,1.4533316772252152,36.75667357459964,5.92990573507941,21,5.0,4.343637219788787,28,2.448502237471725,2.8462050682600104,24,2.220123581930759,3.072573398149525,32,1.5983228014154613,10.566660116408254,25,5.0,3.292809788789408,17,3.0530962576229865
11,490,0.7321641193002415,21,5,3,17,75,6,5,15,31,82,0.5124336224529857,3.136708485655296,141,3.031013234686496,0.5177304964539007,0.9737687154874315,-1.9195261800521137,34.656823944175756,1.0,1.7861357054629545,1.7625986608414217,37.47682394417575,5.1560001403312405,17,5.0,4.528213619552601,24,2.9332879903090694,2.8686463177390875,22,2.3281676632288004,5.122415133676572,29,2.1260579183062274,10.662875711802155,30,5.0,2.3718315918431987,19,1.9971795717148422
12,394,0.7314485147171781,20,5,3,14,77,6,5,15,32,83,0.618960509011099,3.2607595824423568,114,2.875870465824155,0.5087719298245614,0.9928026806149952,-1.6976354597547114,26.562269519955994,1.0,1.0514964478869349,1.8017938036242265,28.842269519955988,2.953735844540195,16,3.1637663777042127,2.5780209783979657,20,2.0188513539483437,0.6833663346810015,19,1.3298048504232383,4.007879468738018,20,2.054549716887534,10.09346632797512,22,5.0,3.9494778402926256,17,3.4740856648124283
13,444,0.73108242120016,21,5,3,15,78,6,5,15,32,84,0.5308664531689445,3.109240050478859,132,2.9861233836855985,0.5227272727272727,0.9783995186591239,-1.95726726364283,31.33487001206927,1.0,2.128810813506399,2.2626024219367005,33.97487001206927,3.8945908152916875,16,4.656789776148758,3.9697968936450057,25,2.3590634581053447,1.0888924349809592,20,1.5395313273428444,5.743928168094503,25,2.4435797523346334,10.401766729053485,29,5.0,3.0255673701640617,17,2.6515995705221878
14,329,0.7285461476807431,21,5,3,22,81,6,5,15,33,61,0.5750618100137479,3.203718830330509,142,2.8415556681748115,0.5140845070422535,0.9909872269016147,-1.8046339664136368,32.749655120563695,1.0,0.7500791267669449,1.3320756197059238,35.58965512056365,4.832822609941334,20,5.0,4.634479999927188,29,2.362117784149797,3.484011830036815,21,2.788713120353501,3.3838799844817746,26,1.7582093257654396,8.205158657253243,26,3.858704360618352,4.54114479374117,20,3.3254880320603446
15,260,0.7235300626884382,21,4,3,19,80,6,5,15,31,87,0.569630682949972,2.63370476844858,143,3.1373281665604122,0.5734265734265734,0.927953194472435,-1.9537173302188238,34.869718226011415,1.0,1.5512559426170247,1.6893949979854856,37.729718226011414,3.8665052859068183,17,5.0,4.429216991597662,28,2.4636178507079034,3.350782226695004,19,3.2837758425765475,4.171976519667431,30,1.8705986094266627,11.519163535384514,30,5.0,3.562549492758049,19,2.7073362144539495
16,376,0.7194869825060943,19,5,3,20,80,6,5,15,33,87,0.6643546126796476,3.263362646268523,128,2.9924915501422293,0.4921875,0.938593318947385,-1.9525984475387517,32.02499788678808,1.0,0.3846619941294094,1.1689136528077122,34.58499788678813,3.2147418301018416,16,3.5650832064134956,4.32034398857728,29,2.1590759829753705,3.195539191591412,18,2.9872268340207646,2.832390487281744,27,1.581170920451116,11.562071972400467,23,5.0,3.5709596629506235,15,3.5309608479210843
17,338,0.7179298054122432,17,5,3,16,83,6,5,15,50,76,0.5731810050507999,3.326167290173442,176,2.5902058235065293,0.5056818181818182,1.0037617917359192,-2.1181705473098478,35.7278698293418,1.0,2.1800281946484423,1.8003686768565874,39.24786982934174,3.9666344506955165,19,3.548857792304253,2.9977895985062952,35,1.6109165909033856,6.553060129422361,31,3.520875597731956,2.9902518275356504,33,1.574065373874744,12.281963152604725,34,4.905284402278553,2.8667689661036055,24,2.116865625335465
18,326,0.7166555513919387,21,5,3,22,81,6,5,15,31,66,0.5504545328794379,3.009466136001775,135,2.792978302012497,0.5333333333333333,0.9658162271079704,-2.123038640179554,29.481260888236683,1.0,1.2897361755610515,1.738515552402978,32.18126088823672,4.534712265896634,19,5.0,5.578088599394171,29,2.9324776934083796,3.103785794987779,21,2.672427660079264,2.7207076656140528,25,1.5890968381858075,7.531651875739698,23,4.2358091946085,3.0157584436867335,18,2.528630136813063
19,328,0.7162883322179723,18,5,3,19,81,6,5,15,32,89,0.5873641281505734,3.2237999979076863,135,2.962865371907512,0.4962962962962963,0.9330209860851757,-1.960205367159329,33.268487416538115,1.0,0.6327931900021566,1.2818150680060574,35.96848741653811,3.226804588740473,19,3.0746351897570254,4.419933232140805,28,2.253514837448871,2.6033783239733044,17,2.6207115724276484,4.869646871879141,27,2.0215964947101863,11.248276301067307,27,5.0,3.2872742674099786,17,2.991422894236729
20,482,0.7152167895213946,20,5,3,21,79,6,5,15,30,62,0.6122436274482878,3.383835366903522,120,2.844330412121206,0.48333333333333334,0.9471114281817284,-1.8555265898640432,27.973438886549438,1.0,0.2883025412110829,1.1650848557373124,30.373438886549444,2.375148334303412,13,3.583817429945852,5.388530052802598,26,3.0242608375881392,2.0392002711474344,19,2.0119807478102363,3.7262757200087426,24,1.8669799440543224,6.196700214638207,19,3.7238411617226035,5.527365449458177,19,4.319824267709788
21,228,0.7127021696315441,21,5,3,20,79,6,5,15,32,84,0.5199570468688082,2.9178545347045524,150,2.9536582358696615,0.5333333333333333,0.9226653939723678,-1.9633933922749043,34.664617688659135,1.0,1.5839216457155691,1.6523350325012192,37.66461768865914,4.033201353350013,18,4.786936849994879,3.565450079956478,29,1.9565400463240188,3.1054973954208975,21,2.640117976103196,4.3803150129498425,31,1.869914175504066,11.750603346980926,32,5.0,3.924116509924769,19,3.1638533560314426
22,139,0.7117238658042784,8,5,3,12,81,6,5,9,26,45,0.7379096492696147,1.72649326573494,61,3.6355017640470684,0.7213114754098361,0.7859985889243978,-0.9751331792323845,9.946884402848921,1.0,2.092004734705366,3.67345431330635,11.16688440284892,1.2039027218674558,11,3.709417837393489,1.7667156052231459,8,5.0,1.9152324168240975,10,5.0,1.0731837226458207,9,2.362055899139244,1.8070523347783585,9,3.278918950400995,1.7951296512841886,14,2.406261938220637
23,207,0.7108522166289567,21,5,3,21,77,6,5,15,32,75,0.5998172452275989,3.021788164949715,135,2.7985285757443354,0.5259259259259259,0.9412672018925767,-1.9090621210054954,29.530796067148014,1.0,0.13236177158206797,1.0624030077045925,32.230796067148006,4.971022805882908,18,5.0,4.4092301658598565,30,2.205724334532168,3.465268582048875,21,2.8542423701633384,2.1121131679983307,24,1.4876543891584715,8.080938498321144,25,4.179728830985383,3.500810739794047,17,3.2874044794340294
24,245,0.7094764928264774,17,5,3,14,81,6,5,15,30,79,0.537550845393174,3.161387013869872,135,2.8910367674009017,0.5037037037037037,0.9222488214152785,-1.9583319946918827,30.09227609369487,1.0,2.8158697701592628,2.8598752783397843,32.79227609369488,4.2841967776472645,16,5.0,2.8926751702006204,25,2.0722802253009607,0.2597926605116596,21,1.1073667841398234,6.739998036960704,27,2.5937252468651275,9.798845047092408,27,5.0,3.180300497108246,19,2.6919493673766985
25,488,0.70883832491485,20,5,3,17,76,6,5,15,31,69,0.5081012668221567,3.2242133886344786,148,2.9019571947223697,0.5,0.9224575193915483,-2.166131773122172,32.98554853021043,1.0,1.1212514243755356,1.528622882859456,35.94554853021042,3.767790306963237,18,4.363647999788625,4.862049692810011,27,2.7786855384648126,2.1320898975649705,23,1.8997865555220592,2.9645615843449047,32,1.57826701432568,12.592120395997618,28,5.0,3.220402038013215,20,2.643020173674637
26,194,0.7086644312883952,20,5,3,18,79,6,5,15,30,78,0.5719077945284113,3.3195632863250024,128,2.836934602043889,0.484375,0.9289405371390842,-1.9774099925874307,31.197395120352134,1.0,0.7823556646379348,1.3340302645144995,33.757395120352115,2.594975397924304,13,3.3166320563534626,4.474175380902845,26,2.4948494759543394,2.22866759900342,19,2.0916599436997556,4.340571396512183,26,1.9047062360853695,10.655233614881144,26,4.861685294774362,3.7032335437566344,18,3.1367933772123084
27,461,0.707539368939459,21,5,3,18,79,6,5,15,32,73,0.5756932792724742,2.9982813875574132,134,2.7398922617220802,0.5298507462686567,0.9411415258939421,-1.9662836524712834,28.490579195395483,1.0,0.6836191728717855,1.322297684609622,31.170579195395497,4.281874662842822,19,5.0,3.1437957232103297,27,1.906647211048215,2.4528668760759764,21,2.215682472649451,2.1585119533490627,23,1.498779567680277,10.682715937046549,27,5.0,3.119516068042816,17,2.8707690489879107
28,258,0.7028579870681295,16,5,3,15,79,6,5,15,30,88,0.6897740656843888,3.2745443913392585,100,2.704042307576475,0.49,0.9262289119652994,-1.7021336500473165,22.16677875176243,1.0,1.7747613460224354,2.353374623308945,24.16677875176243,2.9176451334585574,12,3.9437265506977344,2.8280325303922105,23,2.0946629121190865,0.7784094793799934,17,1.4391578357283745,2.8237529592040955,16,1.8657869774385518,9.478736853236235,17,5.0,1.75623437715684,15,1.8686804745441103
29,307,0.699552067357195,13,5,3,19,82,5,5,15,33,74,0.5690633253891184,3.3173526143408445,162,2.558767088734467,0.49382716049382713,0.9478587543753663,-2.123985565356376,32.530300066571826,1.0,1.0492154842378865,1.4277117774879373,35.77030006657183,4.248441929442026,24,3.2604948997526098,3.7913640368737456,31,1.9331977929470328,2.5421503139432478,22,2.1462578061878244,4.127538348302773,34,1.7043752425174843,11.417740905986417,33,4.975239973377402,2.958455390583281,18,2.5023083105022628
30,150,0.694017128993528,9,5,2,10,80,5,5,13,26,74,0.5313088610358567,2.383581463063263,120,2.6562695395190143,0.625,0.8982812791061944,-1.3801219523801853,18.799305218661246,1.0,3.108152456093194,4.0790248807215415,21.199305218661223,3.0500793548435157,19,4.309260648862351,2.894966030212265,18,4.182352781436156,1.3905918823365448,16,2.1068589459576765,5.336111602658522,27,2.6736650676343925,3.6120840126163234,23,2.919588312570225,1.2479158146239122,17,1.5630490356004285
31,404,0.6937011129839733,20,5,3,14,74,5,5,15,31,72,0.594970758402154,3.2258335350335536,105,2.86245197979216,0.5142857142857142,0.980577873017052,-1.7102524295694996,23.217251882009826,0.8333333333333334,0.6982270855759198,1.5645478097137933,25.31725188200984,2.7593265528535804,14,4.373012435339191,2.848464713942356,19,2.4266595621867038,-0.09225268690975508,20,0.9609351135681954,3.6484557183372512,17,2.0863112721026176,9.999159586077377,19,5.0,2.353120158515054,16,2.2876732515805136
32,244,0.6918161199825633,21,5,3,16,80,6,5,15,30,81,0.5383363363671727,2.351634436061659,127,2.9852768850003883,0.5984251968503937,0.8416412991071787,-1.6566856666016108,26.24869568487189,1.0,2.3658758869422813,2.5934292091989057,28.78869568487188,2.805942364116043,13,5.0,4.411093695933133,24,3.3721022323359167,2.193881171902756,21,2.149738942491902,4.31446107836202,25,2.198991702318135,7.533867963990004,28,4.06028835454499,2.599999125211272,16,2.7604598232690165
33,418,0.6915013845123662,20,5,3,13,76,6,5,13,28,74,0.7013962218938762,3.3854748113987085,84,2.509483243417634,0.4880952380952381,0.941563014420559,-2.740280330780514,16.233646972340352,1.0,0.35846678477091665,1.2137216560169095,17.913646972340345,2.13877269220597,12,3.5772071771894947,3.537860669519377,14,3.657181333623076,0.850407974484102,16,1.519409274221274,1.5493549207680868,13,1.5020606752084118,2.85890486763114,13,2.729491942600114,4.338675122534319,16,3.7592836332862647
34,341,0.6914251743826377,21,5,2,16,84,6,5,15,44,88,0.6599026856935044,3.168021037817517,132,2.568621304734827,0.5,0.9157084372537059,-1.9530703383692263,27.53923327095511,1.0,0.56033440838692,1.203119801201654,30.17923327095511,3.8416783049764147,16,3.830612003460452,3.1244994685469374,27,1.8477872536017785,4.678827478460423,22,3.613233679229677,2.016595397924048,26,1.4107165629201022,10.615277476939799,26,5.0,0.8243570671949474,15,1.3991099225112558
35,306,0.6909708859234113,17,5,3,16,82,6,5,15,32,67,0.6099497116363266,3.0796874117898283,129,2.7360958629191776,0.5038759689922481,0.8845227407244654,-1.8651215733145252,26.730720084242463,1.0,0.7800267853234288,1.4683889087654254,29.31072008424247,3.6843083043908154,14,5.0,3.7204281907727843,29,2.115461535176961,1.6783001317150381,23,1.626840474269903,3.729415779795753,22,1.9740606185589187,9.180121890408287,24,5.0,2.3365526416012194,17,2.434751796749602
36,430,0.6893146242468587,21,5,3,14,76,5,5,14,34,74,0.5917121398970822,3.073240707156406,118,2.621388883837746,0.5084745762711864,0.8944200083091645,-1.6801370729629999,24.167660649710008,1.0,-0.36437063327207087,0.8334343748613413,26.527660649709993,3.5026285271386737,18,3.359673482446219,3.016632169675937,22,2.057243430472917,0.8762608759752988,20,1.4173385370965028,2.5063144639356105,20,1.6350540415988324,7.599381407252226,22,4.615419493171599,4.664740805751166,16,4.320226839403184
37,472,0.688667187417828,21,5,3,17,82,5,4,15,31,89,0.5867564624094384,2.88205062532179,110,2.5077052401913784,0.5363636363636364,0.9094715000293517,-1.59325410009107,20.335973510858473,1.0,0.04604562075529728,1.0181031093741377,22.535973510858476,3.5794133090516933,13,5.0,3.2907224476093955,19,3.079831469126401,2.8761188622028033,19,2.6833518629903264,1.4584251011224847,19,1.411794448648373,5.750239847409544,25,2.705825362587806,1.9005820494018888,15,2.133131087928148
38,401,0.6881418655584243,19,5,3,18,75,6,5,15,31,85,0.684836182828954,3.2682921784560275,106,2.7242799597875837,0.4811320754716981,0.8794381586998266,-1.9839300068171375,23.13880249237348,1.0,0.5266113320059329,1.2983802663073944,25.258802492373466,2.771331870304139,12,4.779724595005762,3.38009416193219,23,2.2716226127800807,2.9715304945473475,19,2.6567862126247084,1.9914198835855768,21,1.5038161619589725,8.209224005004456,16,5.0,1.986087034666184,15,2.1264589533772926
39,131,0.686711017621638,9,5,3,11,82,6,5,12,26,77,0.5861788283559303,2.0894482232445677,96,2.8246744834764788,0.65625,0.8432977210615213,-1.2520038117737171,16.071203694860593,1.0,1.720916288520069,2.8605506119466666,17.9912036948606,3.432405105131031,16,5.0,2.8786569445133026,13,4.513480733073738,1.2401025938888255,14,2.280187380741506,2.3490450081406156,21,1.762246763621597,2.9379395193526614,19,2.5887463138012197,2.265874543128832,13,3.448870776466837
40,180,0.6859909336220019,21,5,2,18,81,6,5,14,31,79,0.5160689210714039,3.194135743064554,164,2.652526762287442,0.4878048780487805,0.8855724699850808,-2.0511909146490743,36.98116930145516,1.0,1.0701864430894936,1.3027110385675735,40.26116930145518,3.011731558427422,22,2.045700184516372,7.168159638730076,28,3.7121898538600595,1.0030573986092195,24,1.3364250648433305,5.498316028165262,36,1.949531624798825,10.965233047188839,31,4.687635193797395,4.940089831925443,23,2.826788170271443
41,435,0.6856350404699265,21,4,3,20,80,6,5,15,30,75,0.5906174229610678,3.1688864304985542,125,2.706986679584792,0.488,0.8731434236291156,-1.9428867663412928,28.42465683911195,1.0,0.23935507778152232,1.0947805769401284,30.924656839111965,3.6666383628063626,11,5.0,5.234278640219747,28,2.6883907079273683,2.141406179436145,20,1.8895339696839,2.397140323349145,25,1.5338768213544356,9.579136031589709,23,5.0,2.715181340379069,18,2.320929057346201
42,385,0.684661060837236,14,5,3,22,82,6,5,15,33,73,0.6410106602111626,3.4905930970998216,145,2.520932399202646,0.46206896551724136,0.902583061816911,-2.0267462779949197,29.380018457961434,1.0,1.1900761391890669,1.4820854489139836,32.280018457961425,3.2051499088931568,20,2.8297576662936113,3.9018564921563748,34,1.8428073876323954,2.32065817493301,22,1.9151887474544118,5.089562701924555,28,2.0331570520043485,7.837502905259908,23,4.489642001957335,4.051848417621984,18,3.4296606202009023
43,165,0.6843636117528649,20,5,3,17,77,6,5,15,28,88,0.5131345648630982,2.8540835166685667,131,2.7775727625455313,0.5267175572519084,0.8574522117502611,-1.9584483165816644,27.801166903301635,1.0,2.1836408686532804,2.4078287044770845,30.421166903301632,2.664062562536351,13,3.555578265179467,4.802530223329238,22,3.900414509543663,3.4873485283637207,19,3.369903073855688,4.197400777900895,30,1.879779188721527,7.546767731829518,26,4.132998220123131,2.4243219432211527,21,1.9431536065697141
44,496,0.6782869174920937,21,5,3,14,73,6,5,15,33,64,0.5328335086593408,2.934250898226114,143,2.519060408548943,0.5244755244755245,0.8783753011534547,-1.8631155468983178,26.089072605415552,1.0,0.3796863633537484,1.201517065267836,28.949072605415548,5.136107881235663,21,5.0,1.7197068002744897,24,1.5461196296776611,1.968524125543869,24,1.8699189304643198,3.9144526214639486,29,1.9034867134110856,8.409122961538351,27,4.111568461733559,2.6390294298671124,18,2.250953527110868
45,308,0.6770914834058915,18,5,3,17,83,6,5,15,34,69,0.5759134329152069,3.46234470500417,151,2.4534076302545764,0.46357615894039733,0.8922589894900471,-2.2094324923085664,29.209569167515227,1.0,1.0956902834904803,1.5047007943410007,32.2295691675152,2.022997788686065,18,2.1380180511833657,3.059428671887554,31,1.704867135987718,3.072288525466127,23,2.2577038344680798,4.074432399153083,29,1.829527976232511,12.257118886488438,30,5.0,2.049059326644831,20,1.9288673991410112
46,171,0.6770643355906963,20,4,3,18,78,6,5,15,30,84,0.549672630995551,2.571311931066415,139,2.7394387675459297,0.5611510791366906,0.8398159070148474,-1.9753958151757316,27.787812621748962,1.0,1.6896549249505677,1.8253089068287736,30.56781262174897,3.261459794834387,14,5.0,4.234795929127855,27,2.62372855961266,2.6868777356008344,23,2.3425454358076228,3.9764231598636623,28,1.8630484206190272,8.170948136053347,27,4.651374092274105,2.7964215387425773,20,2.2487784863956657
47,463,0.6758201945768315,18,5,3,16,77,6,5,15,32,83,0.6864775458559313,3.2095525791362634,112,2.569744148792986,0.48214285714285715,0.8579669301046683,-1.6761819823697108,22.90934842561243,1.0,0.9364508322999843,1.714106601009612,25.149348425612427,4.420716343093001,14,5.0,1.9410810109840693,22,1.665352750011259,2.563353140633362,23,2.0437038667738987,2.3901472949794833,17,1.7401583948158907,8.180705199608894,19,5.0,1.6362953562574667,17,1.7605548762799077
48,422,0.6753697235246009,20,4,3,14,76,6,5,15,32,77,0.6158760587482434,3.083684054919122,138,2.57068071260489,0.5,0.8616582284662134,-1.9436301075845954,26.4407762887622,1.0,0.34655154644112063,1.1514688088154026,29.200776288762185,4.335402419496726,19,5.0,3.648154100329437,28,2.101068364549487,2.892801821953972,23,2.3322682010694247,3.762042597594961,25,1.8980885091148194,8.476170597409771,24,4.997750566662736,0.9569065567538448,19,1.4172490792395358
49,426,0.6752252234323022,19,5,3,18,77,6,5,15,33,82,0.5885304570275833,3.1545426382506014,137,2.7225601293749917,0.48175182481751827,0.8359310361632656,-1.9470156475711733,29.534688691838973,1.0,-0.49506988568199795,0.8265675430430146,32.27468869183896,5.09963771876667,18,5.0,3.3281163152640847,27,1.9813369553585354,2.763113760104452,22,2.2296575350750283,2.5908285185535673,28,1.5374554128195632,9.517036818215342,25,4.79184019529297,3.309171238202291,17,3.2760519098299814
50,346,0.6747338096130437,21,5,3,22,81,6,5,15,46,60,0.5316688897394932,3.190241135587917,193,2.328631204257951,0.5025906735751295,0.9204508978532999,-2.9721699926406235,34.96541468039993,1.0,2.3791790090351483,1.9048682007960762,38.82541468039993,5.541342265187055,25,4.8422575527746226,5.357527320484445,36,2.1552807793117443,5.519439917359503,32,2.6793582142362284,1.7803680475532158,40,1.2738781245167021,8.230253734464243,31,3.293348492976374,4.4213106077168,29,2.29507152938252
